basename,mags_and_gtdb,gtdb,mag_only
ERR10852874,0.765185644,0.722738858,0.380050975
ERR10852876,0.752558815,0.728347863,0.274152646
ERR10852883,0.776335811,0.751092968,0.345667434
ERR10852889,0.751537014,0.729276437,0.355885143
ERR10852927,0.755884326,0.725064993,0.32936153
ERR10852928,0.788779451,0.752688265,0.39364027
ERR10852994,0.751127922,0.728467253,0.324132761
ERR10854478,0.774030936,0.750662476,0.31324336
ERR10854479,0.774795122,0.759991212,0.379839613
ERR10855709,0.756059283,0.715683227,0.377996636
ERR10856023,0.772366272,0.748209132,0.344566993
ERR10856067,0.756043713,0.733226625,0.329613276
ERR10856093,0.767031822,0.743625678,0.357882881
ERR10856880,0.748601214,0.706403657,0.320318226
ERR10856887,0.806422017,0.787363398,0.317623103
ERR10857093,0.808234688,0.781101453,0.392826147
ERR13326165,0.762210085,0.723836398,0.297242447
ERR13326173,0.799315042,0.762368069,0.374045452
ERR13326176,0.774441779,0.743000262,0.280436733
ERR13326190,0.82650412,0.790150427,0.422731125
ERR13326191,0.801865689,0.777412742,0.391247154
ERR13326192,0.726202524,0.69208524,0.296203072
ERR13326194,0.795403469,0.772163362,0.374064853
ERR13326198,0.715860397,0.685335247,0.28015064
ERR13326200,0.809295132,0.730022022,0.48848475
ERR13326202,0.764225755,0.727722746,0.313260817
ERR13326209,0.732244518,0.697800998,0.281695648
ERR13326212,0.763471624,0.736057378,0.315559567
ERR13326213,0.77394092,0.742263665,0.31361068
ERR13326214,0.733264652,0.688504179,0.297359981
ERR13326218,0.750036653,0.693749118,0.281257867
ERR13326221,0.794414206,0.718711761,0.487151611
ERR13326223,0.796167544,0.758360515,0.382224159
ERR13326227,0.768768348,0.711816032,0.385677444
ERR13326229,0.801462313,0.76186595,0.399165854
ERR13326230,0.799054684,0.764814389,0.356107842
ERR13326231,0.742496964,0.707090027,0.297930396
ERR13326234,0.76066218,0.72577265,0.321181516
ERR13326236,0.788155829,0.763161054,0.309199731
ERR13326240,0.763370632,0.735171642,0.324348095
ERR13326247,0.773374406,0.740739749,0.354164155
ERR13326254,0.738343939,0.666358798,0.39963566
ERR13326255,0.75220364,0.70955691,0.345250854
ERR13326256,0.787997495,0.763815977,0.316130502
ERR13326257,0.853675191,0.722097108,0.630292286
ERR13326264,0.810617046,0.777377386,0.364502902
ERR13326265,0.789276612,0.761513825,0.364688178
ERR13326268,0.757543881,0.727611806,0.29991284
ERR13326271,0.769334933,0.738073442,0.334090696
ERR13326274,0.806208635,0.77540143,0.374282258
ERR13326285,0.757023687,0.745358807,0.220359397
ERR13326293,0.762042023,0.717020601,0.338609985
ERR14000440,0.770811922,0.740586751,0.385219097
ERR14000443,0.729069647,0.710855842,0.301045224
ERR14000444,0.753763199,0.732419681,0.310492024
ERR14000447,0.711470933,0.683866563,0.281554819
ERR14000448,0.716103329,0.672664182,0.332990618
ERR14000450,0.729501122,0.67503884,0.34930088
ERR14000454,0.782547771,0.759490446,0.354394904
ERR14000467,0.759872883,0.708095958,0.42138511
ERR14000471,0.737402016,0.710526316,0.301791713
ERR14000478,0.775932809,0.746440122,0.365496935
ERR14000489,0.759334126,0.730321046,0.331272295
ERR14000490,0.755725948,0.730244241,0.299831444
ERR14000491,0.761842321,0.723569907,0.241271923
ERR14000493,0.744481821,0.705313119,0.34989171
ERR14000496,0.720111497,0.686815075,0.33487342
ERR14000498,0.741552172,0.670839743,0.409633441
ERR14000503,0.719133298,0.694506753,0.24674271
ERR14000505,0.689047881,0.648871767,0.27903137
ERR14000506,0.672897196,0.652336449,0.280373832
ERR14000514,0.839340886,0.757602038,0.527399859
ERR14000519,0.740092571,0.710496976,0.329504375
ERR14000520,0.743493224,0.707535671,0.341471284
ERR14000522,0.721352536,0.69260071,0.307712377
ERR14000524,0.738869759,0.717196678,0.290054689
ERR14000527,0.670527469,0.619904747,0.299107842
ERR14000528,0.691969887,0.647323296,0.302279381
ERR14000537,0.791247033,0.770021433,0.312576341
ERR14000539,0.7656567,0.737652576,0.308677287
ERR14000546,0.765064917,0.734194186,0.407176122
ERR14000547,0.739249094,0.715427502,0.36250926
ERR14000556,0.725894632,0.699055666,0.274602386
ERR14000558,0.745369009,0.718444155,0.31914983
ERR14000563,0.769749799,0.750091181,0.392297031
ERR14000568,0.742675781,0.711344401,0.309244792
ERR14000570,0.714733192,0.684472536,0.275981653
ERR14000574,0.789779326,0.769163763,0.339430894
ERR14000578,0.697511664,0.665928939,0.280595765
ERR14000582,0.771266407,0.747711955,0.326002128
ERR14000583,0.784551685,0.761422045,0.342661336
ERR14000586,0.757053964,0.738440082,0.32770089
ERR14000588,0.759139537,0.740898946,0.363580389
ERR14000591,0.738845833,0.701022015,0.326242011
ERR14000592,0.736777629,0.699413386,0.316795062
ERR14000593,0.736304342,0.695910198,0.335974022
ERR14000596,0.740345863,0.708217808,0.31693583
ERR14000598,0.740212537,0.701216695,0.326936701
ERR14000601,0.744326817,0.722734658,0.259420366
ERR14000607,0.752967935,0.71471763,0.376567181
ERR14000610,0.719994291,0.678488178,0.335283764
ERR14000614,0.749978179,0.696211923,0.420245265
ERR14000620,0.735310991,0.702259563,0.354146233
ERR14000622,0.693160413,0.662913807,0.37181458
ERR14000623,0.68359098,0.655320758,0.339668132
ERR14000627,0.765772674,0.725188352,0.407434388
ERR14000628,0.77189458,0.731516658,0.38876181
ERR14000638,0.746486273,0.717544551,0.318555979
ERR14000643,0.77768595,0.748248721,0.275127902
ERR14000645,0.765698813,0.729730768,0.311979107
ERR14000646,0.718399427,0.699903715,0.232047292
ERR14000656,0.750273496,0.716907011,0.345101939
ERR14000659,0.7165366,0.68536995,0.307912674
ERR14000666,0.701977373,0.657268919,0.334574673
ERR14000669,0.687838791,0.651163728,0.273833753
ERR14000673,0.730156278,0.706162811,0.246556595
ERR14000674,0.752342919,0.720956834,0.303104493
ERR14000675,0.763887422,0.735214912,0.299714859
ERR14000677,0.76472485,0.741616509,0.292454858
ERR14369885,0.745363379,0.71730717,0.348150773
ERR14369886,0.767706751,0.736794498,0.298351992
ERR14370149,0.777483248,0.741412496,0.356427353
ERR14370204,0.752395031,0.716338598,0.369534999
ERR14370585,0.757573827,0.726401492,0.37716275
ERR14370667,0.78436925,0.769096268,0.307052935
ERR14370692,0.748932315,0.720325835,0.332703959
ERR14370735,0.72747176,0.702046759,0.273750891
ERR14370736,0.802408777,0.78070199,0.394523355
ERR14371137,0.7625793,0.73300086,0.32847714
ERR14371169,0.772919954,0.751966306,0.328600488
ERR14371197,0.723489175,0.690831905,0.368937842
ERR14371733,0.781119644,0.755077104,0.388724182
ERR14371828,0.793283956,0.769526143,0.347953849
ERR14371831,0.753566921,0.72681039,0.260351985
ERR14371832,0.715449928,0.699181172,0.279509308
ERR14371833,0.738485171,0.71585283,0.312610038
ERR14371834,0.747398491,0.726855911,0.341216673
ERR14371836,0.737781077,0.701509229,0.341939357
ERR14372035,0.758812216,0.731297453,0.334610133
ERR14372071,0.749868992,0.72723817,0.308117157
ERR14372080,0.815187006,0.807952281,0.369019296
ERR14372172,0.817011015,0.776664942,0.54131891
ERR14372542,0.779183181,0.733061334,0.329927259
ERR14372576,0.757113449,0.73942302,0.349808144
ERR14372586,0.756349551,0.715816621,0.390834038
ERR14372587,0.773767983,0.744426229,0.440305701
ERR14372597,0.797634002,0.694777079,0.523567099
ERR14374507,0.759082129,0.738938432,0.251594409
ERR14374508,0.734637595,0.707793176,0.287569148
ERR14374535,0.747562506,0.723134786,0.282682827
ERR14374671,0.721120702,0.699667021,0.234450978
ERR14374677,0.790431875,0.768672393,0.440096155
ERR14374739,0.763004079,0.723813541,0.302001969
ERR14375686,0.720767973,0.68429525,0.353349355
ERR14375771,0.742653835,0.711447482,0.350123421
ERR14375777,0.830620305,0.805970539,0.385467842
ERR14375793,0.711340903,0.691800775,0.249556515
ERR14375796,0.740339482,0.704184623,0.419249729
ERR14375797,0.73804,0.715265609,0.277766123
ERR14375798,0.735392568,0.720710941,0.186554552
ERR14375803,0.718333434,0.689139933,0.316144344
ERR14375805,0.74895716,0.713149838,0.335464816
ERR14375806,0.741343271,0.724327839,0.307119306
ERR14375813,0.716113469,0.701183478,0.244480024
ERR14375814,0.819189504,0.747809213,0.522642237
ERR14375817,0.712549233,0.693744849,0.216663569
ERR14375824,0.763240325,0.706232092,0.414380169
ERR14375828,0.79509855,0.771482089,0.267440491
ERR14375829,0.739447643,0.702194189,0.376658501
ERR14375837,0.719561327,0.693674563,0.277883825
ERR14375839,0.701696812,0.666801769,0.378326751
ERR14375846,0.733737264,0.716783506,0.232878558
ERR14375850,0.747933087,0.719179004,0.317991602
ERR14375857,0.748295801,0.739365401,0.182242654
ERR14375881,0.643736383,0.616412002,0.274149495
ERR14375882,0.760959243,0.72526087,0.377004178
ERR14375929,0.681316172,0.661396713,0.293929548
ERR14375933,0.718165833,0.694970556,0.292552595
ERR14375935,0.751820654,0.72059981,0.328891838
ERR14375937,0.716665972,0.692047518,0.294021515
ERR14375942,0.712440485,0.689534889,0.274555165
ERR14375955,0.725556092,0.688934836,0.31258156
ERR1809123,0.701631305,0.681878555,0.237356537
ERR1809124,0.690152801,0.672403149,0.238231209
ERR1809134,0.690131014,0.659471649,0.281017325
ERR1809135,0.733603385,0.699864974,0.29752453
ERR1809136,0.716401605,0.685812021,0.287932517
ERR1809137,0.714237819,0.680934287,0.289981001
ERR1809146,0.659310687,0.625417231,0.292090255
ERR1809147,0.643647088,0.615384615,0.286065372
ERR1809149,0.634364821,0.57257329,0.296221498
ERR1809154,0.738724052,0.707640474,0.308988153
ERR2017422,0.733697111,0.696113887,0.344894125
ERR2017426,0.810347753,0.797230794,0.390158824
ERR2017428,0.783653211,0.757797153,0.281253561
ERR2017438,0.773400246,0.749639726,0.229946691
ERR2017444,0.800799362,0.768391021,0.177104241
ERR2017446,0.815732938,0.781241082,0.396855566
ERR2017452,0.741871921,0.719045168,0.29228243
ERR2017454,0.763900108,0.744495536,0.306996831
ERR2017468,0.792946663,0.766815553,0.365881371
ERR2017469,0.73983985,0.721733296,0.32632268
ERR2017470,0.754365985,0.729991294,0.27342761
ERR2017482,0.829304037,0.780322999,0.395457943
ERR2017484,0.730306442,0.701654592,0.309110045
ERR2017485,0.795086215,0.780246299,0.347226597
ERR2017489,0.844864343,0.816991072,0.450671481
ERR2017491,0.755605988,0.699205272,0.38334868
ERR2017506,0.803850392,0.77327574,0.238668857
ERR2017508,0.793301814,0.772191314,0.381735019
ERR2017512,0.80909786,0.775636124,0.365188829
ERR2017515,0.757710998,0.728426072,0.321660087
ERR2017516,0.77498942,0.748325752,0.28779893
ERR2017523,0.746813013,0.718814147,0.314699206
ERR2017524,0.658189692,0.645173675,0.261834089
ERR2017528,0.724092934,0.673409734,0.3800631
ERR2017529,0.819365499,0.747656921,0.479706682
ERR2017535,0.753718474,0.738131899,0.262963517
ERR2017539,0.756231352,0.732878454,0.33415505
ERR2017542,0.760429574,0.730018873,0.373144463
ERR2017545,0.787345674,0.761737341,0.301026545
ERR2017548,0.814701422,0.782762478,0.437686506
ERR2017551,0.743708263,0.730432189,0.275073173
ERR2017553,0.806362727,0.770706355,0.507775562
ERR2017556,0.775646966,0.749538324,0.305197602
ERR2017565,0.77646699,0.754214149,0.280158492
ERR2017568,0.697690694,0.679237019,0.237452788
ERR2017572,0.693800212,0.663132002,0.2843958
ERR2017573,0.745898083,0.692062315,0.391905486
ERR2017574,0.727544247,0.701593646,0.332238772
ERR2017577,0.785436024,0.753921061,0.37396968
ERR2017578,0.759127122,0.73598068,0.290641338
ERR2017579,0.745213758,0.709488399,0.330425415
ERR2017586,0.820878371,0.793796792,0.43061485
ERR2017591,0.685227385,0.670403344,0.212157884
ERR2017596,0.82505752,0.819245011,0.386369285
ERR2017604,0.758289794,0.725487385,0.352954317
ERR2017605,0.764551043,0.728121915,0.357921898
ERR2017606,0.828871797,0.772526327,0.500341444
ERR2017610,0.745314966,0.733477327,0.174136351
ERR2017612,0.763742443,0.736949736,0.335378323
ERR2017617,0.779131933,0.762100907,0.282918057
ERR2017625,0.767525257,0.700701291,0.503822458
ERR2017631,0.769950379,0.752485792,0.210227327
ERR2017642,0.787512225,0.770572066,0.28263626
ERR2017645,0.774839771,0.75269122,0.35898145
ERR2017651,0.629045418,0.604690862,0.263095759
ERR2017652,0.742576962,0.713371526,0.389308143
ERR2017655,0.722568728,0.693069273,0.313935477
ERR2017657,0.726723271,0.7095539,0.203176913
ERR2017661,0.749316479,0.719695054,0.297181208
ERR2017670,0.880593574,0.838855623,0.626249699
ERR2017678,0.734845792,0.704467305,0.301158717
ERR2017680,0.820462756,0.797393206,0.397346237
ERR2017692,0.764169343,0.730492517,0.335619205
ERR2017700,0.789712699,0.734499646,0.391171464
ERR2017705,0.745906927,0.705555647,0.364129098
ERR2017706,0.815925396,0.784095235,0.40260241
ERR2017710,0.784298011,0.750806618,0.410367488
ERR2017712,0.793295677,0.760017827,0.350213973
ERR2017716,0.753601935,0.733725564,0.215609748
ERR2017718,0.771436447,0.749240566,0.301449955
ERR2017721,0.733560422,0.70319094,0.335467774
ERR2017724,0.775116926,0.751719494,0.314009305
ERR2017727,0.738153988,0.641936684,0.49335608
ERR2017729,0.702301455,0.659576224,0.302623089
ERR2017731,0.774490042,0.754262167,0.334839511
ERR2017736,0.745388699,0.718617408,0.360411156
ERR2017737,0.770506114,0.742612791,0.310749711
ERR2017738,0.798797276,0.776099277,0.365273149
ERR2017739,0.815488007,0.763538343,0.43038816
ERR2017744,0.767207061,0.741678101,0.259578865
ERR2017749,0.755303392,0.720497646,0.31198845
ERR2017752,0.781168665,0.755558801,0.319742545
ERR2017755,0.803082922,0.769686823,0.474206843
ERR2017762,0.76889022,0.738520901,0.321579708
ERR2017765,0.71968936,0.69116823,0.308757758
ERR2017771,0.755191882,0.723565953,0.327617313
ERR2017776,0.853684887,0.735351943,0.604482987
ERR2017777,0.75248616,0.708666405,0.329376591
ERR2017780,0.797494123,0.757010045,0.423295576
ERR2017783,0.757102239,0.722337461,0.368623412
ERR2017790,0.792946611,0.768923758,0.336436433
ERR2017800,0.730918389,0.687767747,0.391710784
ERR2017807,0.869633935,0.825294753,0.322159683
ERR3277216,0.668997099,0.643561935,0.150966469
ERR3277219,0.525012255,0.517215621,0.099453769
ERR3277222,0.788090818,0.777707513,0.235756105
ERR3277226,0.739874739,0.713277662,0.313068894
ERR3277228,0.809676623,0.753702789,0.419217477
ERR3277234,0.770108535,0.659660513,0.42735351
ERR3277242,0.775337469,0.734087633,0.313791446
ERR3277247,0.796189521,0.774630233,0.308598646
ERR3277248,0.791325028,0.755368615,0.404181308
ERR3277251,0.761560839,0.7424516,0.103922159
ERR3277255,0.769811008,0.761107427,0.065318302
ERR3277256,0.864628913,0.708985985,0.727735853
ERR3277258,0.795331172,0.779563808,0.217050621
ERR3277261,0.873004612,0.849334064,0.628527202
ERR3277263,0.80561667,0.783350963,0.369229956
ERR3277274,0.818048128,0.817279412,0.191343583
ERR3277276,0.790825394,0.789584501,0.060939877
ERR3277283,0.718552267,0.696941735,0.18214474
ERR3277289,0.797403194,0.759738024,0.323231909
ERR3277294,0.749953064,0.714527098,0.251343895
ERR3277298,0.684606642,0.658214421,0.242732668
ERR3277302,0.727700986,0.691342785,0.346759149
ERR3277316,0.768921517,0.748481472,0.339746111
ERR3277320,0.89032126,0.769920196,0.757479026
ERR3277322,0.774407517,0.75572083,0.209552009
ERR3277323,0.728904961,0.698997589,0.310100241
ERR3277330,0.758947853,0.740149396,0.294178733
ERR3277338,0.770161255,0.737427739,0.317885861
ERR3277341,0.738197251,0.73369038,0.122029103
ERR3277342,0.768147087,0.742802565,0.335550553
ERR3277344,0.771588509,0.734854246,0.464976764
ERR3277347,0.749683814,0.73275777,0.169780688
ERR3277354,0.748930792,0.686392002,0.450568175
ERR3277355,0.705711295,0.693169922,0.229710153
ERR3277358,0.739178897,0.730447706,0.121642207
ERR3277369,0.746790794,0.719286072,0.309047454
ERR695612,0.465448179,0.454452609,0.141397193
ERR7738276,0.783646893,0.74615851,0.364268851
ERR7738547,0.7564008,0.732516866,0.199658443
ERR970242,0.65756702,0.656646831,0.017913011
ERR970253,0.66601382,0.663310484,0.054439127
ERR970254,0.682560418,0.68190725,0.02824951
ERR970255,0.619526937,0.619526937,0.015039025
ERR970257,0.834499702,0.832216597,0.038564622
ERR970262,0.667462687,0.666746269,0.024597015
ERR970263,0.63566369,0.63473976,0.027409917
ERR970267,0.638687892,0.638687892,0.020501688
ERR970272,0.676628971,0.676090468,0.026117394
ERR970275,0.826843158,0.705402493,0.66723103
ERR970277,0.65956866,0.658681409,0.02047502
ERR970285,0.676552203,0.674644468,0.045265349
ERR970286,0.674002374,0.673682769,0.025933705
ERR970290,0.709758022,0.708179905,0.023803261
ERR970295,0.631679847,0.627126767,0.047208243
ERR970304,0.675227309,0.664380284,0.19333227
ERR970307,0.671553868,0.671422961,0.026835973
ERR970315,0.677931814,0.674361873,0.054818429
ERR970324,0.644067797,0.643780523,0.016374605
ERR970329,0.675183405,0.665064508,0.180116367
ERR970330,0.693185552,0.553545222,0.654984338
SRR12344432,0.681246349,0.648352411,0.29369422
SRR12344435,0.775337811,0.752170083,0.36688474
SRR12344437,0.750244683,0.723043677,0.359528928
SRR12576692,0.772631168,0.745675447,0.388956928
SRR12576698,0.788994549,0.780837854,0.412413597
SRR12576700,0.719795883,0.670455841,0.347290324
SRR12576710,0.738102799,0.723359322,0.326428696
SRR12576711,0.674344847,0.655272074,0.229078943
SRR12576713,0.726541293,0.702030135,0.264844042
SRR12576714,0.683781462,0.654365407,0.243869629
SRR12576726,0.708972665,0.695903324,0.359305261
SRR12576748,0.78159543,0.74571165,0.410186411
SRR12576753,0.765296836,0.728304397,0.312433492
SRR12730842,0.665385959,0.644909186,0.288552218
SRR12730864,0.662302563,0.636605303,0.25021599
SRR12730870,0.627147544,0.596002763,0.2501295
SRR12730871,0.630329565,0.608383211,0.233041454
SRR12730875,0.617521181,0.591208839,0.247467028
SRR12730877,0.594528564,0.575345358,0.272546299
SRR12730879,0.68152064,0.651520067,0.271245634
SRR12730881,0.625663013,0.589462518,0.229490806
SRR12730883,0.625825808,0.607006485,0.288684163
SRR12730884,0.688690856,0.676862066,0.168178503
SRR12730889,0.426435118,0.41640974,0.088424673
SRR12730895,0.588257492,0.56486053,0.238655304
SRR13060030,0.75312311,0.720616469,0.277674039
SRR13060075,0.771682173,0.744706449,0.357368196
SRR13060086,0.710019302,0.687625107,0.29021304
SRR13060101,0.756272525,0.731389354,0.31591109
SRR13060112,0.767866687,0.743747516,0.304901947
SRR13060156,0.7148637,0.670756782,0.378788884
SRR13060194,0.751386322,0.725970425,0.363216266
SRR13060205,0.723805279,0.700117801,0.328695597
SRR13060216,0.742985251,0.716904774,0.329166453
SRR13060238,0.763260275,0.726512846,0.357921498
SRR13060250,0.711755336,0.676436232,0.376999044
SRR13060267,0.730294698,0.699414834,0.328715454
SRR13060310,0.755869951,0.730709363,0.312910604
SRR13060321,0.694494986,0.671266352,0.314868185
SRR13060365,0.736828628,0.716635014,0.290940258
SRR13060376,0.66892778,0.649482205,0.240899019
SRR13385226,0.797033567,0.779673232,0.268458543
SRR13385238,0.724005363,0.699402932,0.280063177
SRR13739518,0.736167521,0.712843692,0.291639544
SRR13739521,0.790415995,0.783211468,0.424703598
SRR13739522,0.722464187,0.704506048,0.261012261
SRR13739528,0.760183713,0.733310539,0.364368092
SRR13739530,0.763456587,0.741036455,0.370222699
SRR13739536,0.744573713,0.722733285,0.296386484
SRR13739538,0.762520684,0.73425262,0.249034749
SRR13739539,0.736384213,0.710019097,0.329166077
SRR13739542,0.612889006,0.587557671,0.220664727
SRR13739549,0.630773353,0.610342154,0.278409285
SRR13739550,0.639278882,0.615501412,0.397009849
SRR13739552,0.632349921,0.615703894,0.283803882
SRR13739555,0.644120248,0.626273046,0.27239087
SRR13739562,0.581161626,0.563665707,0.272250445
SRR13739565,0.776714034,0.738923711,0.33194522
SRR13739567,0.818656559,0.790303222,0.424405138
SRR13739568,0.79857032,0.774040415,0.31262699
SRR13739571,0.69559219,0.655232082,0.315070735
SRR13739578,0.78060613,0.760515952,0.400707722
SRR13739581,0.736531374,0.710993311,0.343245211
SRR13739582,0.787552221,0.763500725,0.404373774
SRR13739585,0.769234156,0.716141018,0.409054889
SRR13739587,0.783020418,0.758208906,0.418165541
SRR13739591,0.755465909,0.728800229,0.367684749
SRR13739592,0.765698763,0.74144824,0.324599932
SRR13739608,0.750043709,0.738129928,0.363166352
SRR13739621,0.617014171,0.598908119,0.253499245
SRR13739623,0.609631657,0.586765212,0.307577173
SRR13739625,0.722838254,0.699961522,0.34339583
SRR13739626,0.717771711,0.692292405,0.333835389
SRR13739628,0.730227348,0.693403594,0.338592367
SRR13739638,0.760956966,0.68943267,0.360438279
SRR13739645,0.818946255,0.788960138,0.506630528
SRR13739656,0.69585519,0.669508402,0.285713075
SRR13739657,0.78817074,0.748293297,0.402455789
SRR13739667,0.738508645,0.720501573,0.316059343
SRR13739668,0.736342333,0.710209793,0.329194478
SRR13739669,0.753924527,0.738029647,0.386943023
SRR13739673,0.717016263,0.704477351,0.248654467
SRR13739674,0.756159111,0.723187316,0.332662087
SRR13739683,0.730957283,0.710039703,0.27514521
SRR13739685,0.76023105,0.739705375,0.391422811
SRR13739687,0.74243813,0.714390467,0.351630221
SRR13739694,0.745255883,0.713895485,0.336055289
SRR13739695,0.793062904,0.76645317,0.402039048
SRR13739696,0.65101143,0.633595356,0.351945336
SRR13739700,0.690181056,0.672527195,0.239601026
SRR13739701,0.746695164,0.713479471,0.381763695
SRR13739709,0.757045419,0.729714827,0.35099433
SRR13739711,0.752707307,0.72747955,0.305554151
SRR13739713,0.765244164,0.760983328,0.067849279
SRR13739714,0.789232807,0.77142513,0.380722974
SRR13739717,0.812259169,0.791795723,0.438278929
SRR13739719,0.746437932,0.720717558,0.289399123
SRR13739729,0.716102399,0.677453316,0.211503297
SRR13739731,0.702082806,0.678146796,0.254285473
SRR13739738,0.771951735,0.752382508,0.293327057
SRR13739739,0.747162866,0.724618423,0.336532591
SRR13739742,0.786458016,0.767959989,0.367111328
SRR13739745,0.723818328,0.680996065,0.38967904
SRR13739748,0.721179755,0.694364185,0.28877869
SRR13739756,0.739754936,0.721292276,0.296883114
SRR13739757,0.760016645,0.743619467,0.243966235
SRR13739763,0.756191342,0.706249891,0.37411958
SRR13739765,0.76135995,0.741297567,0.347124142
SRR13739767,0.765950864,0.735763384,0.265047748
SRR13739780,0.727610927,0.709578399,0.336377704
SRR13739782,0.762981434,0.706171318,0.486234077
SRR13739788,0.731060681,0.705025955,0.391933014
SRR13739791,0.74276839,0.715413188,0.329827645
SRR13739795,0.779590916,0.761580689,0.136843886
SRR13739796,0.875516447,0.841709042,0.669811696
SRR13739799,0.747228903,0.729896476,0.118974171
SRR13739805,0.759021997,0.746817924,0.104300782
SRR13739815,0.795326418,0.784242321,0.438925989
SRR13739819,0.777768341,0.763528529,0.299602248
SRR13739820,0.785496107,0.761032911,0.327175992
SRR13739823,0.764235764,0.683620727,0.488587499
SRR13739824,0.762191555,0.740613277,0.320542382
SRR13739826,0.755105797,0.718922318,0.35161936
SRR13739829,0.74781491,0.726172114,0.235818338
SRR13739831,0.748280466,0.723142312,0.354291653
SRR13739834,0.755615579,0.729117186,0.366491253
SRR13739836,0.746623116,0.715959799,0.349095477
SRR13739837,0.727644207,0.713112042,0.187795859
SRR13739838,0.775366156,0.744741415,0.408051303
SRR13739841,0.73488825,0.733787759,0.394022663
SRR13739845,0.700679945,0.682604248,0.246067754
SRR13739850,0.752970342,0.72001079,0.398982698
SRR13739852,0.725653041,0.701211366,0.331196411
SRR13739855,0.732888003,0.716188109,0.265152888
SRR13739857,0.71646872,0.68964922,0.344455186
SRR13739859,0.70798118,0.680150301,0.249815136
SRR13739861,0.736864081,0.712200125,0.341911145
SRR13739864,0.698761111,0.679722825,0.30744033
SRR13739867,0.766799359,0.736680687,0.220244354
SRR13739868,0.759263259,0.742692585,0.247072234
SRR13739876,0.752653302,0.72693535,0.333171476
SRR13739882,0.797837976,0.782924011,0.361802415
SRR13739889,0.794995095,0.767336973,0.473205527
SRR13739896,0.730166665,0.704622029,0.382159746
SRR13739898,0.73341257,0.716395496,0.364433594
SRR13739899,0.701397086,0.676057973,0.276795217
SRR13739910,0.710039935,0.68287323,0.32993339
SRR13739911,0.756597286,0.72504351,0.357618893
SRR13739913,0.745791246,0.703910904,0.393136493
SRR13739916,0.74874429,0.729846133,0.270131139
SRR13739926,0.811694872,0.779994948,0.618413741
SRR13739929,0.757719001,0.743923504,0.384839605
SRR13739930,0.733711583,0.714494381,0.239300867
SRR13739934,0.767586017,0.722122874,0.408918961
SRR13739939,0.719798523,0.678478195,0.384567338
SRR13739941,0.698764419,0.675014676,0.316158737
SRR13739944,0.732993861,0.703745431,0.315043824
SRR13739948,0.73988103,0.728615377,0.346127896
SRR13739949,0.680192904,0.652862556,0.241860145
SRR13739953,0.718885341,0.692921825,0.326512533
SRR13739955,0.669301101,0.638418122,0.309438325
SRR13739958,0.749043419,0.728168007,0.338510369
SRR13739963,0.722472099,0.700383618,0.296377977
SRR13739964,0.784187585,0.754733353,0.493739705
SRR13739966,0.738683493,0.709696378,0.303510834
SRR13739971,0.766026517,0.746046709,0.401950011
SRR13739972,0.699276288,0.675809674,0.27965419
SRR13739975,0.73545111,0.711323598,0.463003244
SRR13739976,0.61999868,0.604799507,0.244418538
SRR13739977,0.698781474,0.658104965,0.360425726
SRR13739978,0.710206386,0.686586995,0.288760997
SRR13739981,0.715160945,0.705355599,0.212654289
SRR13739982,0.745551489,0.730173821,0.235648302
SRR13739983,0.774384875,0.74845913,0.482072103
SRR13739990,0.795237346,0.772777341,0.343876213
SRR13739995,0.761041495,0.735071659,0.326622646
SRR13739999,0.764165822,0.734595021,0.344753295
SRR13740002,0.753899968,0.72000047,0.33729297
SRR13740003,0.724705959,0.692063595,0.281900492
SRR13740005,0.758558046,0.737517116,0.323300931
SRR13740009,0.758634487,0.738130325,0.326710063
SRR13740010,0.777645058,0.748827275,0.341027568
SRR13740012,0.786912387,0.738061485,0.397574528
SRR13740016,0.739847578,0.708228997,0.363654509
SRR13740024,0.75259576,0.728167083,0.303424955
SRR13740028,0.730242485,0.709404459,0.285308281
SRR13740029,0.802477989,0.777742227,0.242061828
SRR13740033,0.735323261,0.70485151,0.3258656
SRR13740046,0.737138344,0.712822167,0.304652999
SRR13740060,0.858328911,0.832658972,0.600490846
SRR13740077,0.782695164,0.722990593,0.478610332
SRR13740078,0.723294966,0.693932532,0.312472483
SRR13740090,0.750706991,0.720816968,0.241437549
SRR13740091,0.772358591,0.754739497,0.405210051
SRR13740093,0.718119233,0.684662086,0.366636575
SRR13740094,0.76135106,0.737002473,0.286403323
SRR13740095,0.756866823,0.739370316,0.292431411
SRR13740096,0.771310215,0.757558068,0.367681893
SRR13740098,0.788720803,0.778188745,0.271993416
SRR13740099,0.77315816,0.744800678,0.318474265
SRR13740102,0.746317958,0.643952938,0.547189729
SRR13740106,0.759461266,0.7406454,0.385163483
SRR13740108,0.763691216,0.738819032,0.356961909
SRR13740110,0.710478883,0.682541085,0.252942216
SRR13740113,0.750786234,0.7209318,0.277473268
SRR13740114,0.802819661,0.785101142,0.248703068
SRR13740117,0.735146149,0.702759471,0.354957992
SRR13740121,0.797397266,0.775252721,0.311311437
SRR13740127,0.731717329,0.708722454,0.279345662
SRR13740128,0.717613934,0.689470927,0.348061812
SRR13740140,0.741348596,0.714626843,0.403264729
SRR13740146,0.770719345,0.742386116,0.342873262
SRR13740154,0.806065905,0.785310673,0.35018307
SRR13740181,0.735705811,0.716652623,0.32828057
SRR13740187,0.829285544,0.814969152,0.440425061
SRR13740188,0.769152834,0.723068565,0.383210848
SRR13740192,0.736123915,0.704287705,0.308521814
SRR13740193,0.780721906,0.762092079,0.349970104
SRR13740198,0.789652239,0.773633059,0.385847233
SRR13740201,0.774540802,0.747605493,0.396157662
SRR13740209,0.761639389,0.732902076,0.395190637
SRR13740212,0.735165273,0.707537996,0.322886277
SRR13740215,0.751063607,0.701666143,0.40695798
SRR13740218,0.737232426,0.70912064,0.318413055
SRR13740221,0.70161071,0.675562357,0.287366644
SRR13740222,0.713566243,0.689479072,0.353976678
SRR13740227,0.726406903,0.69346611,0.363454442
SRR13740234,0.657111715,0.644109903,0.146693279
SRR13740237,0.775771544,0.745337006,0.359660464
SRR13740238,0.800560358,0.775651758,0.37479072
SRR13740241,0.710491556,0.686538824,0.251922351
SRR13740242,0.780551384,0.750099105,0.369511682
SRR13740247,0.698243383,0.67990016,0.291866817
SRR13740248,0.713647192,0.69031656,0.274233159
SRR13740251,0.739340296,0.719583217,0.339165218
SRR13740255,0.700079572,0.666012241,0.349024682
SRR13740256,0.76488721,0.742023068,0.298601613
SRR13740266,0.731307575,0.709382231,0.322182929
SRR13740277,0.738076984,0.715251896,0.34727989
SRR13740278,0.683569314,0.646109333,0.332277336
SRR13740279,0.672673341,0.650887334,0.224551777
SRR13740280,0.732987373,0.697562392,0.350638811
SRR13740284,0.639791985,0.617827747,0.249077575
SRR13740286,0.736360607,0.710885811,0.24541863
SRR13740289,0.633937883,0.612837993,0.233039961
SRR13740292,0.717990095,0.68705931,0.367934052
SRR13740296,0.750827246,0.721209445,0.181056565
SRR13740300,0.729316789,0.676535457,0.409177386
SRR13740301,0.698397753,0.67568225,0.255166894
SRR13740302,0.745967064,0.735835654,0.297558742
SRR13740303,0.725125183,0.685132582,0.314299304
SRR13740316,0.745394917,0.706586499,0.391158787
SRR13740318,0.713234177,0.686001641,0.319528425
SRR13740327,0.703332586,0.674533326,0.314977017
SRR13740331,0.764750831,0.741587722,0.353172959
SRR13740335,0.789836481,0.768956137,0.388566041
SRR13740338,0.751873648,0.709949198,0.456918666
SRR13740345,0.709530374,0.690329538,0.340889887
SRR13740347,0.727980976,0.708243687,0.279628581
SRR13740352,0.736626679,0.703587058,0.370100381
SRR13740355,0.811319726,0.79135122,0.30982981
SRR13740360,0.76037193,0.73226869,0.314431055
SRR13740363,0.74338405,0.714208887,0.382414234
SRR13740366,0.766970291,0.726721435,0.346040886
SRR13740372,0.75242657,0.703177752,0.352654456
SRR13740373,0.763974612,0.725843397,0.363331712
SRR13740377,0.798800316,0.775509756,0.291659343
SRR13740379,0.786217911,0.770337837,0.390804076
SRR13740384,0.768324745,0.728660567,0.306849651
SRR13740393,0.772216396,0.74365208,0.315468056
SRR13740397,0.741696296,0.717400553,0.289976297
SRR13740399,0.764831417,0.744873885,0.402625257
SRR13740404,0.74177004,0.712594722,0.32421161
SRR13740406,0.759783363,0.743711678,0.261274947
SRR13740407,0.732817087,0.70085535,0.321565948
SRR13740408,0.721943334,0.695333106,0.381562154
SRR13740409,0.774527215,0.739207648,0.336343542
SRR13740410,0.770101613,0.746897066,0.317308686
SRR13740413,0.766272999,0.739787164,0.305828344
SRR13740423,0.763129248,0.735365954,0.379867724
SRR13740424,0.766289211,0.742039552,0.313718532
SRR13740433,0.759929678,0.730165061,0.323341255
SRR13740437,0.751059448,0.711166779,0.384431067
SRR13740444,0.758856395,0.728101877,0.327024714
SRR13740445,0.787227233,0.764954494,0.414269653
SRR13740447,0.7511752,0.751048151,0.032232245
SRR13740449,0.729837684,0.70379181,0.316865644
SRR13740450,0.761452423,0.742735167,0.293294418
SRR13740453,0.771766193,0.747161341,0.32513486
SRR13740456,0.755270083,0.736726937,0.379276195
SRR13740460,0.751520755,0.713708696,0.359165896
SRR13740464,0.785897497,0.765138077,0.353916962
SRR13740473,0.775007774,0.747616496,0.407296401
SRR13740480,0.71652068,0.68771371,0.34266242
SRR13740482,0.750985457,0.726068068,0.355183924
SRR13740485,0.757298789,0.73432206,0.374688064
SRR13740486,0.73110143,0.7073164,0.257023316
SRR13740491,0.782641688,0.756583895,0.385223077
SRR13911812,0.689203976,0.679401842,0.175025075
SRR13911815,0.709517997,0.694274911,0.22102474
SRR13911821,0.71841853,0.698817891,0.228115016
SRR13911828,0.789829651,0.773452522,0.331742284
SRR13911829,0.68346927,0.632273127,0.371744338
SRR13911832,0.722751179,0.699016141,0.269813203
SRR14024167,0.646469196,0.601374151,0.364455302
SRR14024170,0.680821279,0.633947737,0.40025665
SRR14024185,0.712936176,0.671543974,0.438668328
SRR14024189,0.694766643,0.64449966,0.432059537
SRR14024191,0.671398376,0.608477027,0.419712983
SRR14024196,0.481825175,0.461224409,0.280955386
SRR14024200,0.67843881,0.627630266,0.407526452
SRR14024207,0.472929995,0.44206804,0.258037971
SRR14024208,0.663184998,0.637229549,0.351276456
SRR14024217,0.803778528,0.79710824,0.450555029
SRR14024222,0.661570224,0.639746573,0.233972813
SRR14024223,0.721480068,0.698874652,0.397128317
SRR14024226,0.650830295,0.630358441,0.338970422
SRR14024228,0.689046642,0.678556947,0.33366634
SRR14024233,0.691717498,0.650971018,0.403072966
SRR14024235,0.714219013,0.69133633,0.384731295
SRR14024246,0.659860664,0.618811079,0.378456701
SRR14024248,0.691362968,0.658116182,0.396264898
SRR14291145,0.814733757,0.789413542,0.289000362
SRR14291149,0.762494953,0.742490793,0.30403876
SRR14291156,0.765102892,0.730612526,0.299396781
SRR14291165,0.788587162,0.771027362,0.257752538
SRR14291170,0.823424976,0.811493173,0.255619958
SRR14291172,0.799673222,0.772344932,0.276151286
SRR14291173,0.818742034,0.810070556,0.257805835
SRR14291174,0.822797544,0.811598491,0.280035506
SRR14291182,0.796222913,0.769418626,0.349324627
SRR14291189,0.794371304,0.767503872,0.352453534
SRR14291190,0.770410105,0.736721947,0.370727497
SRR14291193,0.764529345,0.73716654,0.340872713
SRR14291194,0.779500775,0.760208826,0.321510727
SRR14291196,0.812632557,0.788623311,0.313013846
SRR14291197,0.818824114,0.799698255,0.30182795
SRR14291200,0.813597765,0.790741248,0.291316496
SRR14291208,0.79561989,0.77521085,0.300330493
SRR14291215,0.767737335,0.745026533,0.258713795
SRR14291217,0.773324896,0.75326087,0.282943716
SRR14291223,0.777777114,0.766568883,0.215907801
SRR14291225,0.772759275,0.754712779,0.299397971
SRR14291227,0.758006328,0.733219694,0.297754842
SRR14291230,0.740930027,0.721181147,0.251422803
SRR14291234,0.758804804,0.719126744,0.333363435
SRR14291235,0.754619802,0.724141398,0.326045181
SRR14291242,0.763301024,0.719989722,0.388873821
SRR14291244,0.74951721,0.715301602,0.316562535
SRR14291248,0.793248685,0.773493466,0.272555049
SRR14291251,0.772201029,0.748459878,0.285359321
SRR14291252,0.784548041,0.759258057,0.307519451
SRR14291258,0.758277785,0.728176749,0.24144552
SRR14291264,0.77544303,0.753632344,0.306014563
SRR14291265,0.782387548,0.759619486,0.312716796
SRR14291266,0.736179726,0.70907736,0.286644771
SRR14291274,0.782033588,0.75830562,0.357266378
SRR14291277,0.807024793,0.781765801,0.279397043
SRR14291281,0.758262845,0.719324353,0.352756892
SRR14291283,0.769438396,0.729115962,0.397688803
SRR14291284,0.772931237,0.734773121,0.369417557
SRR14291287,0.772709871,0.729948742,0.403428547
SRR14291290,0.751073311,0.716808805,0.346740509
SRR14291292,0.751686175,0.718190446,0.327314141
SRR14291293,0.764494817,0.724133856,0.356899608
SRR14291296,0.793151288,0.758954601,0.332517787
SRR14291299,0.732898379,0.709241761,0.252110007
SRR14291301,0.778579088,0.751558431,0.321950012
SRR14291305,0.747141983,0.724213442,0.276054917
SRR14291307,0.772829647,0.737297155,0.368368079
SRR14291312,0.744538567,0.716714876,0.275137741
SRR14291313,0.756152706,0.730553496,0.28869533
SRR14291316,0.746168954,0.719616508,0.316691216
SRR14291321,0.81414875,0.788914216,0.252643154
SRR14291323,0.750283708,0.717084556,0.292657859
SRR14291326,0.744973597,0.721719107,0.273765063
SRR14291334,0.742452949,0.711064797,0.288493116
SRR14291335,0.762726942,0.734084274,0.279873702
SRR14291336,0.755074893,0.722825556,0.291491616
SRR14291338,0.756069883,0.725118779,0.310982529
SRR14291351,0.701606268,0.634135871,0.461417379
SRR14291352,0.696991187,0.634652806,0.458681796
SRR14291354,0.694246415,0.634462979,0.422276851
SRR14291355,0.659254195,0.617591291,0.367897636
SRR14291356,0.665354692,0.623349081,0.357704696
SRR14291359,0.779143493,0.745408964,0.310364971
SRR14291362,0.780604077,0.769456995,0.131464418
SRR14291365,0.774644818,0.765022603,0.117460446
SRR14291366,0.745165074,0.732637936,0.138784219
SRR14291368,0.751251397,0.738134078,0.167206704
SRR14291371,0.767379593,0.73714952,0.34019628
SRR14291376,0.795296405,0.773307571,0.389966928
SRR14291379,0.765812026,0.748171953,0.279260398
SRR14291382,0.730132804,0.707735503,0.353574174
SRR14291385,0.75093827,0.728120467,0.293373397
SRR14291386,0.72926151,0.71170362,0.318207545
SRR14291388,0.76778083,0.747313547,0.29765967
SRR14291404,0.849036417,0.807390368,0.565859334
SRR14291408,0.838214358,0.791493675,0.575622955
SRR14291411,0.809259295,0.759695847,0.570173092
SRR14291413,0.836629109,0.79799972,0.684260493
SRR14291420,0.690862315,0.643826944,0.354112228
SRR14291428,0.708566097,0.662365407,0.391373743
SRR14291431,0.703406445,0.656114447,0.367289548
SRR14610580,0.788067452,0.759390772,0.410333837
SRR14610589,0.77430679,0.729764399,0.398812422
SRR14610605,0.789751641,0.754822992,0.393284687
SRR14610607,0.778164536,0.75394509,0.2586954
SRR14610617,0.836917296,0.755556692,0.414564621
SRR14610621,0.766563658,0.728971547,0.419976437
SRR14610623,0.686585666,0.664640552,0.347087539
SRR14610625,0.774811028,0.741636127,0.399493223
SRR14610626,0.729422389,0.692621103,0.327750588
SRR14610629,0.751879306,0.730288511,0.32757482
SRR14610631,0.848834141,0.717696968,0.675289501
SRR14610660,0.811881746,0.745243589,0.453374488
SRR14610673,0.769754251,0.743063987,0.341349596
SRR14610676,0.767148054,0.759285158,0.154051461
SRR14610686,0.824672723,0.805700753,0.431017936
SRR14610688,0.813696395,0.790171711,0.415443022
SRR14610690,0.775113297,0.732714395,0.474723749
SRR14610691,0.787331869,0.752836634,0.294325124
SRR14610692,0.775331885,0.753976325,0.386530216
SRR14610731,0.773027528,0.757920196,0.410554293
SRR15032143,0.76399524,0.742593853,0.274042762
SRR15032146,0.765318327,0.743774132,0.270593537
SRR15032155,0.749663164,0.721391783,0.283613734
SRR15032162,0.767925033,0.74931029,0.301899844
SRR15032168,0.773631093,0.737409061,0.382074948
SRR15032175,0.740147802,0.727570527,0.284465789
SRR15032178,0.800407614,0.782192848,0.383290521
SRR15032179,0.700241009,0.678794843,0.223614674
SRR15032180,0.706988624,0.68115409,0.248929439
SRR15032187,0.766394544,0.738006575,0.302001251
SRR15032188,0.761564729,0.733971609,0.316657647
SRR15032192,0.767665044,0.745678148,0.289379598
SRR15032202,0.748957518,0.710606422,0.320646487
SRR15032216,0.747171305,0.723395831,0.195989286
SRR15032220,0.807542743,0.774968283,0.346810638
SRR15032221,0.793507795,0.758634801,0.321727292
SRR15032223,0.713341388,0.696494221,0.265392646
SRR15032225,0.777793638,0.764544437,0.302228747
SRR15032226,0.765235991,0.749304059,0.296255288
SRR15032248,0.793212004,0.767974439,0.319622601
SRR15032257,0.752012987,0.723480519,0.262571429
SRR15032259,0.794461922,0.751064252,0.275495281
SRR15032269,0.719715327,0.686576944,0.305907235
SRR15032273,0.73847714,0.714041367,0.308806673
SRR15032274,0.724770467,0.682441148,0.335817687
SRR15032279,0.767290352,0.738927041,0.300405458
SRR15032280,0.773142273,0.738036075,0.356035248
SRR15032281,0.770331321,0.743498189,0.352265747
SRR15702461,0.724645862,0.698320461,0.326543894
SRR15702470,0.70286258,0.676532334,0.281181329
SRR15702479,0.697119524,0.676617341,0.213193497
SRR15702550,0.766235839,0.737981262,0.389284005
SRR15702569,0.697085154,0.675583502,0.317142705
SRR15702570,0.735697465,0.718278155,0.274795678
SRR15702574,0.771596077,0.738688291,0.329647691
SRR15702576,0.807149577,0.77625009,0.545119039
SRR15702578,0.736930779,0.7099018,0.40324444
SRR15702582,0.356852103,0.335142469,0.173677069
SRR15702590,0.708893891,0.687758965,0.267422034
SRR15702591,0.687744378,0.661996755,0.306892821
SRR15702596,0.750677282,0.711471803,0.322812289
SRR15702601,0.779459743,0.744016792,0.43138418
SRR15702602,0.780284104,0.742849364,0.371608853
SRR15702618,0.746852727,0.726821217,0.295633581
SRR15702624,0.768082802,0.729449994,0.448128535
SRR15801624,0.809873503,0.785774096,0.278396955
SRR15801626,0.809174445,0.786549731,0.3480147
SRR15801627,0.834669299,0.799684107,0.458374465
SRR15801628,0.793332739,0.759271649,0.264125837
SRR15801630,0.811660965,0.783408066,0.378763305
SRR15801634,0.813718726,0.794581332,0.298233737
SRR17790812,0.772187359,0.758344233,0.338208662
SRR17790816,0.749209781,0.729967881,0.336921239
SRR17790818,0.79279815,0.779964382,0.336216324
SRR17790826,0.812437369,0.789922052,0.339031752
SRR17790827,0.758379045,0.741278119,0.258319284
SRR17790828,0.761212153,0.74079035,0.349138551
SRR17790829,0.711680513,0.684927642,0.296947662
SRR17790835,0.746939348,0.728335398,0.311155511
SRR17790840,0.781303672,0.766915781,0.380175695
SRR17790848,0.767595958,0.729355905,0.38630683
SRR17790854,0.741088722,0.726554378,0.212084741
SRR17790856,0.803578539,0.788632282,0.428255289
SRR17790859,0.76530067,0.711179979,0.394102986
SRR17790860,0.839909091,0.815223636,0.525618182
SRR17790862,0.765904348,0.752417224,0.367820066
SRR17790873,0.801766089,0.784118692,0.345441117
SRR17790878,0.733336871,0.702853757,0.299984966
SRR17790882,0.773266596,0.758669948,0.292750626
SRR17790887,0.810361497,0.785561362,0.370689066
SRR17790888,0.778186509,0.761268846,0.401038037
SRR17790896,0.648902821,0.624869383,0.199582027
SRR17790897,0.820602347,0.807075412,0.422605509
SRR17790899,0.721429053,0.698154827,0.318705904
SRR17790905,0.828995668,0.805660717,0.330827446
SRR17790907,0.717507324,0.701804602,0.286053732
SRR17790908,0.750434447,0.724447617,0.307272513
SRR17790909,0.625264376,0.617962601,0.296703997
SRR17790910,0.831637434,0.820415915,0.420250009
SRR17790920,0.814856358,0.806718417,0.440033916
SRR17790922,0.798114493,0.749283824,0.305117871
SRR17790924,0.780662844,0.76787222,0.429103396
SRR17790926,0.762366045,0.733726715,0.321568421
SRR17790932,0.822147846,0.80070355,0.36294365
SRR17790934,0.704449472,0.682621444,0.27050895
SRR17790943,0.739858302,0.708152454,0.321459507
SRR17790947,0.761753711,0.729521453,0.400083986
SRR17790957,0.772563232,0.756912192,0.350932962
SRR17790965,0.81931792,0.796071356,0.40590021
SRR17790971,0.734234542,0.709995144,0.368747794
SRR17790973,0.726331233,0.703870717,0.326616035
SRR17790979,0.747332893,0.722865646,0.320418921
SRR17790984,0.737546963,0.71486268,0.313661942
SRR17790986,0.79253588,0.772855058,0.431637082
SRR17790988,0.775028668,0.749986262,0.291443341
SRR17790993,0.804252726,0.790627268,0.344790593
SRR17790994,0.812262286,0.712576942,0.566036073
SRR17790997,0.733408602,0.710097558,0.3397501
SRR17791002,0.819385626,0.807873766,0.389292961
SRR17791003,0.765008463,0.738186711,0.365143874
SRR17791004,0.753983622,0.691004551,0.41127148
SRR17791010,0.744183896,0.718672236,0.336564167
SRR17791013,0.810281035,0.795660611,0.356342388
SRR17791019,0.779611895,0.757940124,0.317828983
SRR17791021,0.750291564,0.733203673,0.211838935
SRR17791022,0.772064139,0.755671408,0.305852532
SRR17791023,0.737918931,0.721251862,0.296210365
SRR17791024,0.815779944,0.792165639,0.354707893
SRR17791033,0.789147214,0.769640584,0.313634689
SRR17791034,0.789567644,0.761281064,0.331534318
SRR18938548,0.638700796,0.606321421,0.265616081
SRR18938552,0.702893756,0.672841871,0.374238256
SRR18938555,0.702468787,0.670930675,0.353536222
SRR18938556,0.724166137,0.702717441,0.325486988
SRR18938557,0.720686368,0.696033875,0.27578868
SRR18938558,0.686744358,0.647332743,0.272582855
SRR18938565,0.717823103,0.699172993,0.278781558
SRR19064338,0.788459174,0.768166315,0.285249774
SRR19064370,0.756317923,0.73255744,0.306863625
SRR19064372,0.736332874,0.714138008,0.305491713
SRR19064373,0.737376235,0.69615016,0.348644832
SRR19064374,0.718130479,0.696012338,0.329396591
SRR19064387,0.767250549,0.731628146,0.306878737
SRR19064393,0.754518284,0.727143818,0.31233626
SRR19064416,0.74783893,0.723446033,0.352608359
SRR19064438,0.717220175,0.672145632,0.35322316
SRR19064443,0.68665258,0.660853633,0.262845453
SRR19064448,0.712675172,0.678173347,0.328862462
SRR19064485,0.767407927,0.718862546,0.341070944
SRR19064530,0.707986275,0.683869972,0.287958013
SRR19064635,0.774729387,0.749092851,0.369615649
SRR19064644,0.754878712,0.727685626,0.327379219
SRR19064647,0.717330583,0.679150269,0.298449309
SRR19064648,0.793955813,0.780751716,0.322806246
SRR19064649,0.74272179,0.7126864,0.316958411
SRR19064650,0.748878515,0.735083514,0.279980327
SRR19064654,0.75347767,0.729708288,0.353850013
SRR19064655,0.766324324,0.752728171,0.350616024
SRR19064656,0.746596841,0.727427663,0.343638807
SRR19064657,0.72655816,0.700896785,0.32814493
SRR19064658,0.751654307,0.714220619,0.339901052
SRR19064661,0.74174592,0.713539723,0.419180117
SRR19064665,0.762689326,0.739546336,0.347643835
SRR19064666,0.755751776,0.738219115,0.285814806
SRR19064667,0.731704083,0.692641646,0.340231025
SRR19064668,0.747677598,0.722533641,0.289821957
SRR19064669,0.724576282,0.693394376,0.304332971
SRR19064670,0.693824544,0.657308105,0.308506841
SRR19064673,0.771438354,0.741681452,0.383790818
SRR19064676,0.757041513,0.732254186,0.269634573
SRR19064677,0.759992112,0.734723426,0.193547383
SRR19064678,0.728387697,0.705825318,0.30504383
SRR19064682,0.773509641,0.741707323,0.360062905
SRR19064683,0.764674586,0.741591353,0.326204705
SRR19064685,0.722597479,0.700714853,0.27154641
SRR19064686,0.752767359,0.716075758,0.418784977
SRR19064687,0.766368358,0.740468169,0.338181138
SRR19064691,0.759092938,0.723963634,0.415202512
SRR19064692,0.735973992,0.715338714,0.257098325
SRR19064693,0.761164348,0.741805441,0.308812888
SRR19064695,0.764733512,0.735147759,0.32695153
SRR19064699,0.734232884,0.701842829,0.379022989
SRR19064707,0.742635897,0.712009244,0.35470321
SRR19064715,0.76014933,0.731704793,0.30061186
SRR19064741,0.7525306,0.725735101,0.325040517
SRR19064775,0.780932926,0.757615431,0.343619855
SRR19064787,0.810694886,0.778584122,0.440470738
SRR19064832,0.752455354,0.730774936,0.313746493
SRR19064870,0.756622058,0.731416052,0.332155041
SRR19064889,0.813790981,0.783160221,0.4374611
SRR19064890,0.749704272,0.722958453,0.343115438
SRR19064892,0.731568674,0.697305678,0.370807066
SRR19064898,0.719245194,0.690858481,0.337391473
SRR19064902,0.747868403,0.725204224,0.301033044
SRR19064904,0.726045281,0.70547972,0.296169715
SRR19064905,0.746048751,0.72236031,0.322480703
SRR19064913,0.714397762,0.683367867,0.230300973
SRR19064915,0.739087973,0.720530411,0.233414861
SRR19064917,0.764663559,0.7453641,0.348850879
SRR19064918,0.735189177,0.719690612,0.181379546
SRR19064919,0.725419192,0.693787746,0.344955269
SRR19064920,0.76286884,0.739485185,0.360137965
SRR19064924,0.684567093,0.662966208,0.243990413
SRR19064925,0.776460132,0.748589337,0.252344311
SRR19064928,0.721976899,0.698671617,0.307575582
SRR19064931,0.730910427,0.693829535,0.300538342
SRR19064939,0.712900985,0.689365422,0.236422241
SRR19064944,0.770991063,0.738664407,0.358938497
SRR19064945,0.730399468,0.691247058,0.314927166
SRR19064946,0.715881614,0.672487655,0.302485218
SRR19064947,0.724170343,0.702497707,0.320209536
SRR19064949,0.709293593,0.686103827,0.312942642
SRR19064950,0.766757245,0.743902882,0.28248429
SRR19064951,0.762375727,0.744928503,0.309393187
SRR19064953,0.742219203,0.719325923,0.295528948
SRR19074023,0.768473165,0.747392979,0.287711735
SRR19074035,0.796642393,0.772980912,0.305807655
SRR19074036,0.788400332,0.769573679,0.265292222
SRR19074038,0.782801503,0.755253586,0.333741216
SRR19074039,0.762753314,0.743066376,0.296700803
SRR19074041,0.746918381,0.726461371,0.261909058
SRR19074043,0.787716688,0.766188029,0.328507399
SRR19074051,0.7953797,0.772884997,0.29255878
SRR19074052,0.812910453,0.793816941,0.275230907
SRR19074061,0.78190725,0.739337995,0.419116687
SRR19074062,0.772066044,0.748587813,0.337769065
SRR19074075,0.79118328,0.758936801,0.364027781
SRR19074076,0.735041888,0.71682474,0.283423056
SRR19074086,0.784638013,0.737707161,0.412235544
SRR19074091,0.791513363,0.7588796,0.365759109
SRR19074092,0.774179364,0.752455007,0.325920568
SRR19074093,0.758766734,0.735339882,0.295577177
SRR19074094,0.783522524,0.761448027,0.302320192
SRR19074100,0.800389567,0.776893572,0.394490688
SRR19074102,0.775842046,0.751118316,0.332368473
SRR19074104,0.808978174,0.784638908,0.355143782
SRR19074109,0.798987377,0.773932279,0.329489191
SRR19074115,0.787672239,0.766911819,0.306760241
SRR19074117,0.788972547,0.765756169,0.287233884
SRR19074118,0.777098831,0.747650976,0.33725793
SRR19074123,0.789077242,0.75591138,0.324257718
SRR19074139,0.77727504,0.759085822,0.280620427
SRR19074141,0.772661955,0.740412671,0.360726066
SRR19074142,0.785567704,0.757858186,0.364430251
SRR19074143,0.816531542,0.796715165,0.376018717
SRR19074145,0.773264128,0.742278481,0.353775753
SRR19074151,0.743190586,0.721753291,0.288110424
SRR19074152,0.768807171,0.737779447,0.337979374
SRR19074155,0.815812525,0.772136809,0.36934201
SRR19074156,0.753471626,0.733515712,0.270674686
SRR19074160,0.708961204,0.686332926,0.273704755
SRR19074161,0.75136738,0.724633148,0.326710875
SRR19074164,0.768342394,0.750602921,0.271062337
SRR19074169,0.780596401,0.7543201,0.350709219
SRR19074172,0.774905724,0.753549485,0.327481488
SRR19074173,0.772150686,0.743791742,0.369274883
SRR19074177,0.787187913,0.756415427,0.330417926
SRR19074179,0.784715229,0.763710647,0.190832784
SRR19074188,0.794523973,0.753531644,0.386408227
SRR19074193,0.763539775,0.742823877,0.269994171
SRR19074196,0.751163652,0.724004928,0.329032189
SRR19074197,0.769024174,0.750581154,0.226218056
SRR19074199,0.759097971,0.735283409,0.283620698
SRR19074200,0.757631009,0.733793002,0.277073037
SRR19970126,0.694442355,0.666425739,0.281571424
SRR19970132,0.715076338,0.689192139,0.322378062
SRR19970140,0.728512742,0.706195129,0.329714086
SRR19970147,0.753734896,0.729334517,0.369836403
SRR19970149,0.737214614,0.711893737,0.343022204
SRR20814895,0.740326408,0.723412671,0.225244204
SRR20814897,0.726761114,0.695056165,0.270289588
SRR20814907,0.731286959,0.694989107,0.309173669
SRR20814909,0.718853699,0.672647697,0.273851875
SRR20814913,0.759412695,0.701458016,0.423263848
SRR20814921,0.742522036,0.718450955,0.344411143
SRR20814922,0.726452072,0.704506491,0.327540459
SRR20814933,0.761510199,0.739803539,0.45914329
SRR20814936,0.763026546,0.726207492,0.290921738
SRR20814950,0.703102527,0.686880102,0.230924407
SRR20814968,0.737039599,0.696189618,0.362660629
SRR20814986,0.727626862,0.706081081,0.279805571
SRR20814992,0.725559075,0.694174105,0.368192725
SRR20814994,0.741375115,0.717208588,0.407143258
SRR20815005,0.795191667,0.766695334,0.274991062
SRR20815015,0.741089695,0.691724992,0.327204695
SRR21777554,0.73988757,0.723496987,0.286139352
SRR21777555,0.775376991,0.769046948,0.414278831
SRR21777557,0.708366129,0.655322748,0.407954173
SRR21777559,0.808992345,0.778444773,0.443997169
SRR21777560,0.811036548,0.802373824,0.455712434
SRR21777564,0.77509697,0.747906754,0.341127838
SRR21968718,0.80665848,0.779513931,0.291887064
SRR21968749,0.789268866,0.760052016,0.273347796
SRR23321052,0.769092677,0.73643005,0.282494328
SRR23321053,0.782055278,0.742551956,0.378231736
SRR24239830,0.762057681,0.752441246,0.159870499
SRR24239834,0.771868238,0.755628116,0.217075574
SRR24239839,0.744092361,0.709798197,0.356846984
SRR24239845,0.731334517,0.699724732,0.289370706
SRR24239847,0.770065434,0.755146834,0.221872911
SRR24239849,0.755468467,0.742045474,0.211090586
SRR24239851,0.76319051,0.750929543,0.217249409
SRR24239853,0.762119331,0.747481771,0.270907736
SRR24239855,0.747658928,0.721000742,0.293091629
SRR24239858,0.744997486,0.713415276,0.311272761
SRR24239862,0.791874753,0.773328591,0.332175398
SRR24239865,0.781228522,0.766736696,0.25912487
SRR24239878,0.749129722,0.728276737,0.23915802
SRR24315719,0.735970587,0.698901769,0.326503881
SRR24315723,0.755887813,0.724621195,0.303674977
SRR24315742,0.754261617,0.720393512,0.309842154
SRR24315757,0.745367965,0.706060617,0.359726903
SRR24315758,0.760205459,0.715533704,0.421401683
SRR24925834,0.260365503,0.250084265,0.143609284
SRR24925839,0.737944542,0.719130992,0.24529622
SRR24925841,0.682092322,0.645241615,0.313942085
SRR24925843,0.601768646,0.548418534,0.273546956
SRR24925849,0.68574766,0.654618487,0.319589912
SRR24925856,0.740745032,0.733263601,0.139384613
SRR24925863,0.719056002,0.710220813,0.207539836
SRR24925864,0.696739681,0.673347097,0.224089233
SRR24925867,0.695220195,0.677880874,0.197050145
SRR24925868,0.56279334,0.558684648,0.062073695
SRR24925870,0.334208226,0.310003346,0.146512481
SRR24925871,0.640723607,0.623502694,0.190466419
SRR25321186,0.707146345,0.665475126,0.400921865
SRR25321188,0.719755424,0.682624579,0.342097481
SRR25321198,0.75968689,0.732538547,0.330883085
SRR25321201,0.790140599,0.756729272,0.385189945
SRR25321217,0.779488092,0.751172811,0.351437798
SRR25321219,0.778881472,0.751098523,0.350933338
SRR25321221,0.729519419,0.703631954,0.328204897
SRR25321223,0.726211334,0.689809655,0.329909122
SRR25321225,0.7312086,0.703561789,0.33021841
SRR25445521,0.813491681,0.794034009,0.286977771
SRR25445527,0.785025909,0.717943638,0.441425735
SRR25445530,0.794209225,0.747539601,0.297992596
SRR25445534,0.796739915,0.783637677,0.236067265
SRR25445540,0.743986911,0.719489912,0.272968542
SRR25445542,0.797113946,0.768386592,0.387784215
SRR25445543,0.782678165,0.763889236,0.302692798
SRR25445545,0.735517932,0.710648962,0.302568648
SRR25445548,0.750439799,0.732486181,0.198909656
SRR25445549,0.776543528,0.744208502,0.347147903
SRR25445552,0.717654589,0.696597883,0.300638548
SRR25445557,0.765740477,0.737756984,0.239953595
SRR25445559,0.705932752,0.681922033,0.248750535
SRR25445561,0.757404941,0.711013496,0.355099282
SRR25445562,0.713893152,0.695687574,0.251922537
SRR25445563,0.737842995,0.709990155,0.302236735
SRR25445564,0.711059519,0.690864726,0.239604032
SRR25445575,0.733767333,0.714298472,0.270195065
SRR25445577,0.782953145,0.761002017,0.215343603
SRR25445583,0.772576294,0.746655688,0.319487754
SRR25445585,0.777796154,0.761177676,0.29465533
SRR25445588,0.735184214,0.716753451,0.290050385
SRR25445593,0.667928974,0.62074161,0.328966661
SRR25445601,0.766840299,0.737350275,0.322652499
SRR25445609,0.77320162,0.752818227,0.312732091
SRR25445611,0.752798343,0.732242635,0.267251622
SRR25445615,0.692306182,0.669895172,0.224019764
SRR25445617,0.753107763,0.730092086,0.272183608
SRR25445619,0.643496104,0.633158639,0.093100962
SRR25445620,0.748086798,0.721740305,0.292105281
SRR25445624,0.72726058,0.701666746,0.379959398
SRR25445626,0.830323263,0.73134785,0.492789249
SRR25445630,0.791847412,0.762675539,0.225447943
SRR25445631,0.702612221,0.674734196,0.272755194
SRR25445632,0.749365282,0.732644132,0.218984562
SRR25445644,0.797172442,0.779356788,0.235303679
SRR25445646,0.623801173,0.591976196,0.245687672
SRR25445652,0.745992252,0.727068845,0.239603436
SRR25445661,0.824174014,0.790003623,0.453870338
SRR25445664,0.747551475,0.729178508,0.200149471
SRR25445674,0.791261355,0.775751381,0.219178161
SRR25445682,0.751549436,0.676057564,0.443048519
SRR25445683,0.754478136,0.731780934,0.28132754
SRR25445692,0.767067322,0.74743627,0.221343434
SRR25445694,0.759888331,0.743396851,0.28502067
SRR25445696,0.842560268,0.755969534,0.610498218
SRR25445698,0.821229972,0.804418486,0.337284475
SRR25445703,0.777515528,0.742293071,0.299890285
SRR25445704,0.73769636,0.722080268,0.192912142
SRR25445707,0.751605651,0.732610543,0.214970229
SRR25445708,0.743480483,0.690904189,0.458659543
SRR25445710,0.73661123,0.720107162,0.243947824
SRR25445711,0.708157015,0.685757392,0.220303736
SRR25445712,0.749650382,0.728236507,0.276993398
SRR25445724,0.786084397,0.711438025,0.425315036
SRR25445725,0.737187824,0.710427292,0.237366837
SRR25445726,0.702534735,0.679185144,0.300217826
SRR25445727,0.736135682,0.722499028,0.205506865
SRR25445729,0.780458361,0.771784489,0.161158164
SRR25445733,0.761274221,0.74435978,0.148482261
SRR25445748,0.720138472,0.688318599,0.272892169
SRR25445750,0.769815021,0.745676648,0.299368486
SRR25445751,0.758795614,0.745845646,0.275504474
SRR25445754,0.717334957,0.698492612,0.221443297
SRR25445755,0.749728834,0.720228536,0.27494934
SRR25445758,0.698442275,0.67731059,0.286551887
SRR25445759,0.762104382,0.721282717,0.364542173
SRR25445764,0.704873027,0.660485105,0.344139852
SRR25445766,0.750734465,0.725414846,0.266197059
SRR25445769,0.678394055,0.634256553,0.315945625
SRR25445772,0.761143136,0.741217556,0.230524293
SRR25445776,0.787825024,0.713881079,0.40654501
SRR25445780,0.754836934,0.723205714,0.275827994
SRR25445781,0.729879646,0.70732374,0.246751965
SRR25445788,0.616377411,0.593977993,0.172242917
SRR25445789,0.779591989,0.756705584,0.335842662
SRR25445804,0.725707586,0.689612585,0.332982362
SRR25445808,0.730175818,0.711030045,0.229139923
SRR25445821,0.798285318,0.778081558,0.330972461
SRR25903496,0.770453818,0.756062053,0.360561724
SRR25903497,0.777164342,0.751799842,0.358367647
SRR25903508,0.738373084,0.701216138,0.45905481
SRR25903510,0.696058148,0.673523514,0.310046786
SRR25903512,0.726110114,0.687490086,0.283098979
SRR25903516,0.749888094,0.729048223,0.307763036
SRR25903521,0.863349494,0.836273123,0.37428839
SRR25903522,0.802359791,0.787813259,0.229240982
SRR25903524,0.786669547,0.764983162,0.347448899
SRR25903525,0.755306095,0.73753325,0.349932637
SRR25903527,0.747353713,0.742859275,0.081627534
SRR25903536,0.800300031,0.779372031,0.332688104
SRR25903537,0.777594744,0.754433233,0.325791594
SRR25903542,0.708127894,0.674597093,0.279210199
SRR25903543,0.777532236,0.762407399,0.320622957
SRR25903544,0.776911751,0.750573315,0.340989161
SRR25903550,0.763002394,0.735265823,0.322657721
SRR25903553,0.795663648,0.769122849,0.385836067
SRR25903555,0.719592886,0.68311952,0.271075316
SRR25903556,0.757983067,0.735868216,0.317943091
SRR25903564,0.808760915,0.787789507,0.369911792
SRR25903565,0.807675726,0.781757647,0.422013358
SRR25903568,0.854682124,0.812179423,0.434635462
SRR25903571,0.807389485,0.792081197,0.409637775
SRR25903574,0.832186849,0.808149772,0.287982079
SRR25903575,0.696182091,0.654064655,0.363982122
SRR25903581,0.821281068,0.783778897,0.472798036
SRR25903582,0.800953013,0.784926939,0.386936106
SRR25903588,0.796822451,0.768046728,0.386879738
SRR25903589,0.779440359,0.752235391,0.34587544
SRR25903591,0.741204742,0.724425264,0.300240308
SRR25903596,0.699968962,0.678327986,0.278616418
SRR25903599,0.806541829,0.782113193,0.301429815
SRR25903605,0.759472461,0.744132944,0.377238573
SRR25903615,0.808094095,0.784973719,0.280798165
SRR25903622,0.808436891,0.787900645,0.433768936
SRR25903626,0.768165663,0.732600969,0.32740001
SRR25903628,0.754643243,0.717397091,0.346034728
SRR25903631,0.765236286,0.749211025,0.262351774
SRR25903640,0.745576371,0.70326862,0.35775927
SRR25903641,0.783402286,0.767004741,0.241474442
SRR25903667,0.825010856,0.804314241,0.369139782
SRR25903670,0.826291374,0.799193467,0.405463291
SRR25903678,0.773307156,0.750852901,0.266357654
SRR25903683,0.785348322,0.768535859,0.267266343
SRR25903687,0.72514377,0.692308483,0.278978631
SRR25903688,0.781595371,0.73891871,0.380029493
SRR25903690,0.747347476,0.722813787,0.305946984
SRR25903698,0.823815858,0.805624793,0.527827765
SRR25903703,0.796477882,0.773812744,0.345851384
SRR25903711,0.764197278,0.741878575,0.315884368
SRR25903715,0.819638647,0.79911901,0.302697031
SRR25903717,0.775600384,0.760896469,0.253643925
SRR25903719,0.76170911,0.736504585,0.323717331
SRR25903738,0.837317492,0.820174615,0.398142582
SRR25903739,0.814947745,0.793508846,0.422588931
SRR25903748,0.745018237,0.72080686,0.323792594
SRR25903758,0.787526625,0.762181638,0.302801902
SRR25903768,0.796061828,0.776062109,0.2718233
SRR25903769,0.792036643,0.774714294,0.265774861
SRR25903772,0.805854263,0.764215345,0.44728324
SRR25903773,0.833013939,0.818882504,0.440128338
SRR25903777,0.748775525,0.716378517,0.322929853
SRR25903785,0.82421574,0.811271684,0.348766631
SRR25903793,0.746634284,0.70593436,0.335912658
SRR25903798,0.791249856,0.75601612,0.432289708
SRR25903803,0.833503758,0.747981951,0.500811463
SRR25903806,0.798515827,0.768985255,0.359013773
SRR25903807,0.786310562,0.770219222,0.227195483
SRR25903812,0.726278481,0.69841107,0.301932119
SRR25903819,0.772877745,0.750089031,0.301090353
SRR25903820,0.785208792,0.771923968,0.233058773
SRR25903821,0.837261015,0.805090335,0.352014424
SRR25903823,0.847759035,0.821279413,0.498440949
SRR25903824,0.759305237,0.727850592,0.294696099
SRR25903831,0.828010854,0.80460466,0.40318008
SRR25903837,0.77390443,0.749836428,0.300394036
SRR25903838,0.807005766,0.77818885,0.376758985
SRR25903843,0.781808889,0.750313101,0.429377338
SRR25903845,0.808533554,0.794309787,0.379906634
SRR25903858,0.853259594,0.818357428,0.526697566
SRR25903861,0.815880725,0.780244542,0.288353651
SRR25903862,0.747144621,0.729482227,0.230365763
SRR25903864,0.692434645,0.667644136,0.261875975
SRR25903872,0.746349707,0.718525832,0.34618072
SRR25903874,0.746944323,0.727602893,0.256989707
SRR25903881,0.786883345,0.763270824,0.275231348
SRR25903889,0.796236133,0.767833675,0.363604326
SRR25903891,0.772865615,0.747028599,0.324293362
SRR25903892,0.761664814,0.735244805,0.331190172
SRR25903894,0.758959282,0.724623117,0.279082788
SRR25903896,0.748836961,0.714916725,0.3133103
SRR25903901,0.790441541,0.768139901,0.365440385
SRR25903907,0.789843063,0.779485822,0.337416371
SRR25903913,0.636230242,0.599090317,0.265015276
SRR25903918,0.802389075,0.783168041,0.307532058
SRR25903921,0.785713705,0.749066423,0.343351645
SRR25903922,0.784585078,0.7697099,0.227113776
SRR25903926,0.759662798,0.723991952,0.42293552
SRR25903933,0.794231683,0.771734844,0.33052738
SRR25903941,0.775353771,0.75653865,0.341077562
SRR25903949,0.85227538,0.846921412,0.391602913
SRR25903954,0.847682056,0.824484351,0.432518303
SRR25903955,0.743395452,0.718912394,0.280450748
SRR25903962,0.817264634,0.792489338,0.397128548
SRR25903967,0.775047917,0.746339697,0.336755885
SRR25903968,0.835572932,0.81045006,0.435506432
SRR25903971,0.817025601,0.785064855,0.42675493
SRR25903972,0.80063685,0.777122627,0.401313019
SRR25903974,0.723595424,0.697633667,0.311968926
SRR25903975,0.768945387,0.747904872,0.340600854
SRR25903976,0.792996272,0.780613083,0.261523017
SRR25903978,0.811182352,0.781924458,0.512907895
SRR25903985,0.78931042,0.779984706,0.156834761
SRR25933599,0.759510586,0.737699643,0.310203813
SRR25933602,0.751820605,0.692002358,0.460937266
SRR25933612,0.718556183,0.701940502,0.202666928
SRR25933616,0.74973014,0.730532037,0.283799489
SRR25933617,0.792747145,0.736414246,0.403776764
SRR25933623,0.726677311,0.711241732,0.275460231
SRR27117388,0.735677569,0.716385915,0.191644567
SRR27117390,0.759862214,0.735938533,0.32947878
SRR27117391,0.630747043,0.604633212,0.23965668
SRR27117394,0.661630902,0.648913878,0.199186199
SRR27117397,0.706733587,0.686527776,0.219853569
SRR27117405,0.888800955,0.884600554,0.068107696
SRR27117407,0.655929219,0.64445092,0.173173458
SRR27117408,0.764492948,0.740002268,0.342712616
SRR27117410,0.80689509,0.748362546,0.50053758
SRR27117412,0.662704596,0.650948442,0.149447593
SRR27117414,0.764182447,0.721435746,0.362437604
SRR27117419,0.710824026,0.696904154,0.198337021
SRR27117420,0.733091901,0.715456918,0.271086867
SRR27117422,0.734270348,0.709965511,0.281742526
SRR27117423,0.726371619,0.68732432,0.446507042
SRR27117424,0.694756662,0.665468152,0.268271223
SRR27117436,0.745684271,0.734303852,0.140419977
SRR27117444,0.798846033,0.784858508,0.246149162
SRR27117446,0.727270536,0.69698765,0.412568758
SRR27117450,0.675455135,0.654422509,0.228590063
SRR27117451,0.733014355,0.712413555,0.258231021
SRR27117453,0.710907376,0.684358673,0.281821776
SRR27117454,0.711765823,0.675552921,0.327781846
SRR27117457,0.771374562,0.743906682,0.248155684
SRR27117458,0.715725647,0.692351462,0.266509366
SRR27117461,0.733824748,0.690748704,0.450466571
SRR27916060,0.73054847,0.712088016,0.260694085
SRR27916068,0.774563596,0.752014836,0.273555698
SRR27916083,0.743714491,0.726218232,0.234431368
SRR28249657,0.759822095,0.731020914,0.310567442
SRR28249668,0.701453252,0.656515055,0.386401012
SRR28249670,0.795099165,0.753330309,0.378660505
SRR28249671,0.760346211,0.740511703,0.263567049
SRR28249674,0.718900011,0.690360099,0.286741283
SRR28282474,0.799018435,0.780922205,0.282432057
SRR28282481,0.783469346,0.751670853,0.415634463
SRR28282489,0.766671526,0.744795783,0.317025636
SRR28282490,0.809358481,0.786287512,0.334413784
SRR28282496,0.721322942,0.701498048,0.230305772
SRR28282501,0.799096306,0.775042988,0.363468176
SRR28282504,0.758389282,0.726747829,0.354745919
SRR28282554,0.767645966,0.743322747,0.278363296
SRR28282570,0.817063163,0.796764202,0.305690587
SRR28282589,0.789626876,0.74434501,0.437651299
SRR28282594,0.848948626,0.822635082,0.447588487
SRR28282613,0.783484329,0.754416158,0.30474048
SRR28282619,0.781425399,0.758548968,0.360639391
SRR28282624,0.797701011,0.768967155,0.371825928
SRR28282645,0.843101594,0.814517011,0.406292164
SRR28282659,0.728624926,0.706400476,0.286838752
SRR28282680,0.796077341,0.771012082,0.35682817
SRR28282694,0.829253277,0.788201331,0.413368982
SRR28282698,0.786435918,0.768319766,0.320422896
SRR28282707,0.796504458,0.781327202,0.241194772
SRR28282753,0.812147683,0.793233591,0.321013514
SRR28282757,0.822684163,0.792192769,0.415636071
SRR28282758,0.812555823,0.77745009,0.357585377
SRR28282763,0.733758851,0.710408239,0.262992852
SRR28282778,0.7622414,0.735597565,0.304495097
SRR28282830,0.779657161,0.752150169,0.295271714
SRR28282853,0.791257374,0.769112672,0.329196782
SRR28282890,0.764567818,0.742869237,0.307507262
SRR28282902,0.790212107,0.772627313,0.290209191
SRR28282906,0.788731484,0.768755028,0.392882796
SRR28282907,0.763251298,0.739462028,0.335258154
SRR28282913,0.754721729,0.725712783,0.342975651
SRR28282918,0.793027377,0.76815122,0.310992427
SRR28282921,0.75303224,0.722799766,0.285656825
SRR28282924,0.767931912,0.750707212,0.245320597
SRR28282929,0.806133701,0.789990295,0.238568063
SRR28282933,0.812489775,0.791055459,0.337666321
SRR28282952,0.837739396,0.811393779,0.375415463
SRR28282962,0.765260192,0.735821919,0.313159116
SRR28282966,0.80123975,0.783610969,0.390968795
SRR28282977,0.805135478,0.787188916,0.349405755
SRR28282982,0.759224622,0.741747632,0.244002754
SRR28282989,0.768731662,0.740585417,0.320286713
SRR28282990,0.857102163,0.843020401,0.320346028
SRR28282997,0.780267459,0.753404406,0.354885895
SRR28283013,0.759418947,0.735123523,0.268623196
SRR28283015,0.822864057,0.79213079,0.429485924
SRR28283022,0.780885624,0.757815727,0.299479746
SRR28283048,0.809970163,0.755025424,0.413544841
SRR28283050,0.770065623,0.756082389,0.23818997
SRR28283891,0.790178969,0.734527746,0.382041902
SRR28283906,0.759440852,0.740244174,0.317166072
SRR28283909,0.777296631,0.752730737,0.258704079
SRR28283912,0.78892234,0.766997362,0.347571019
SRR28283924,0.788836349,0.767079315,0.263174207
SRR28283939,0.800206266,0.771241145,0.262271966
SRR28283953,0.803135012,0.784113651,0.275089112
SRR28284006,0.746322044,0.721135991,0.306517605
SRR28284013,0.783715115,0.766431526,0.240602618
SRR28284016,0.810797619,0.796612476,0.207763908
SRR28284024,0.776381068,0.753410868,0.286552286
SRR28284039,0.793626717,0.769769678,0.340349358
SRR28284046,0.785354397,0.704607996,0.434849194
SRR28284061,0.802189785,0.767247101,0.310340188
SRR28284104,0.761765901,0.727379026,0.320233571
SRR28284126,0.795814154,0.767967056,0.341884216
SRR28284135,0.780326177,0.764623514,0.240949187
SRR28284183,0.798744965,0.784532189,0.295305338
SRR28284192,0.766932558,0.740919335,0.295711975
SRR28284207,0.846168952,0.807741097,0.534884141
SRR28284211,0.782035009,0.737425568,0.394888382
SRR28284239,0.773695028,0.751573258,0.328140704
SRR28284251,0.764648784,0.736483662,0.28763701
SRR28284254,0.822720646,0.798889468,0.362133148
SRR28284262,0.766191159,0.741968091,0.308034599
SRR28284264,0.771869097,0.738568992,0.247581147
SRR28284277,0.80862973,0.774351111,0.43108747
SRR28284285,0.803335226,0.782768857,0.380822448
SRR28284298,0.804626276,0.777815919,0.323826999
SRR28284311,0.816943563,0.788282732,0.486370687
SRR28284312,0.851050907,0.817438952,0.540463699
SRR28284326,0.823365373,0.797705924,0.348777358
SRR28284392,0.79057096,0.772383013,0.268565149
SRR28284400,0.75747328,0.704742819,0.341820307
SRR28284411,0.725686692,0.690258148,0.248142296
SRR28284423,0.80357591,0.77844775,0.33782219
SRR28284460,0.801970853,0.774117917,0.326041578
SRR28284461,0.771554096,0.748555268,0.278899637
SRR28284466,0.762166474,0.73472564,0.311834285
SRR28284467,0.777348541,0.747080376,0.321798111
SRR28284468,0.787581573,0.757826171,0.381268429
SRR28284471,0.793396232,0.773810015,0.295677727
SRR28284489,0.782859673,0.764949346,0.262915228
SRR28284495,0.788858449,0.764548096,0.312939851
SRR28284498,0.806383061,0.7808012,0.328506783
SRR28284503,0.796101415,0.773434947,0.280054358
SRR28753446,0.729776466,0.705040332,0.278049651
SRR28753448,0.719990066,0.673286017,0.43489215
SRR28753452,0.743278861,0.711207394,0.397809422
SRR28753456,0.732913151,0.706047513,0.284631735
SRR28753466,0.704378197,0.671507587,0.311818485
SRR28753468,0.754610479,0.717335584,0.455245011
SRR28753471,0.735602549,0.705349849,0.378541254
SRR28753474,0.778217123,0.731842892,0.472419883
SRR28753477,0.723277684,0.686213729,0.321231793
SRR28753480,0.747057654,0.719722335,0.347849194
SRR28753484,0.738351308,0.705206233,0.399835422
SRR28753487,0.73419616,0.708351176,0.224428841
SRR28855677,0.761005491,0.730189511,0.321951779
SRR28855686,0.837820714,0.819283608,0.286249294
SRR28855692,0.807027863,0.776556082,0.364152966
SRR28855695,0.803074271,0.75953968,0.392684829
SRR28855699,0.778052432,0.759725655,0.213640636
SRR28855704,0.768314365,0.75014314,0.238174641
SRR28855708,0.822798516,0.785083299,0.435954888
SRR28855709,0.833735688,0.799340216,0.404682941
SRR28855711,0.78501153,0.753500088,0.36884024
SRR28855712,0.74878383,0.725694467,0.357524664
SRR28855719,0.77412297,0.718421081,0.416922456
SRR28855723,0.772745563,0.749566388,0.336316585
SRR28855725,0.793392567,0.770241522,0.170066325
SRR28855727,0.775212064,0.73606177,0.48133111
SRR28855729,0.760498754,0.728250775,0.415950198
SRR28855730,0.736446852,0.733726761,0.06807323
SRR28855735,0.749360202,0.715486146,0.275576826
SRR28855736,0.787033473,0.745148115,0.432749636
SRR28855737,0.78625415,0.742368742,0.356058083
SRR28855739,0.799157135,0.779050578,0.332509122
SRR28855745,0.737879741,0.712492775,0.177353074
SRR28855749,0.826469309,0.797941365,0.385115805
SRR28855762,0.841367851,0.822224294,0.21552542
SRR28855766,0.686083789,0.658532397,0.30128025
SRR28855771,0.779885421,0.742684202,0.285481804
SRR28855772,0.846121954,0.817893013,0.475948134
SRR28855774,0.838324371,0.794857531,0.454802522
SRR28855775,0.849057539,0.825274811,0.495275306
SRR28855778,0.813657348,0.795704596,0.237885627
SRR28855779,0.846776424,0.792293676,0.444801445
SRR28855782,0.840551113,0.835753107,0.216761865
SRR28855786,0.826059956,0.79051795,0.420174762
SRR28855787,0.815146442,0.794826785,0.344851493
SRR28855803,0.82296081,0.795545127,0.371120373
SRR28855806,0.829823238,0.808613156,0.349901799
SRR28855807,0.842751568,0.824983022,0.472096832
SRR28855808,0.794459291,0.761957545,0.344582283
SRR28855810,0.784682837,0.771572025,0.148497277
SRR28855811,0.817041497,0.799993491,0.357825875
SRR28855814,0.838367566,0.813203115,0.365881326
SRR28855817,0.808451413,0.79043515,0.443540926
SRR28855820,0.833248531,0.817939812,0.2792735
SRR28855824,0.865915877,0.848526347,0.448910872
SRR28855830,0.785537674,0.750590531,0.398701753
SRR28855834,0.818339232,0.781073008,0.375414778
SRR28855841,0.761753231,0.743379612,0.277042785
SRR28855849,0.856175963,0.827483524,0.569714262
SRR28855857,0.829540786,0.817964926,0.500789263
SRR28855862,0.816792603,0.791139062,0.453775754
SRR28855864,0.787723849,0.761751695,0.265811998
SRR28855867,0.737662529,0.689384782,0.308134585
SRR28855871,0.775999867,0.752812256,0.294144526
SRR28855872,0.810898582,0.761013965,0.439576626
SRR28855873,0.762729521,0.727748409,0.3337125
SRR28855874,0.776309862,0.724455913,0.387430984
SRR28855877,0.78649635,0.747553968,0.372418077
SRR28855879,0.824934521,0.788586957,0.412388685
SRR28855880,0.817169346,0.786637369,0.342132723
SRR28855881,0.859937666,0.836510259,0.357479196
SRR28855887,0.821396323,0.786900478,0.31679644
SRR28855893,0.856716236,0.836651157,0.542109905
SRR28855894,0.870666421,0.841886203,0.49114691
SRR28855895,0.789391638,0.753038411,0.449741508
SRR28855898,0.847328287,0.833285094,0.378809974
SRR28855899,0.783244749,0.742904691,0.352720729
SRR28855909,0.771191748,0.747393627,0.396389759
SRR28855913,0.767337962,0.73814888,0.349939461
SRR28855915,0.768054793,0.748413249,0.316951574
SRR28855916,0.775341495,0.743911082,0.35875
SRR28855917,0.799916068,0.772279305,0.312587148
SRR28855924,0.863445579,0.792814203,0.53176687
SRR28855928,0.780080074,0.747895188,0.361899361
SRR28855929,0.790784225,0.768035301,0.323054616
SRR28855932,0.776787696,0.732370564,0.347160342
SRR28855936,0.812004825,0.807505393,0.132090109
SRR28855943,0.829595178,0.816917174,0.44927302
SRR28855951,0.787433851,0.746234218,0.321794658
SRR28855955,0.827012306,0.679058654,0.577756083
SRR28855960,0.761008301,0.745765423,0.224572544
SRR28855965,0.728136083,0.726597781,0.054473688
SRR28855968,0.810523207,0.790666178,0.31573695
SRR28855974,0.835639406,0.798719664,0.447863566
SRR28855975,0.829961484,0.751199266,0.526411658
SRR28855983,0.785111788,0.775571605,0.128420229
SRR28855984,0.705362344,0.693580333,0.13717523
SRR28855990,0.814385393,0.745780062,0.350735356
SRR28855996,0.781777377,0.728608623,0.357637729
SRR28856002,0.906828476,0.85371811,0.627015799
SRR28856003,0.783048106,0.763507997,0.256576361
SRR28856007,0.807096226,0.765074431,0.38150625
SRR28856008,0.812478751,0.753538866,0.38602998
SRR28856009,0.781603034,0.71221235,0.443912745
SRR28856011,0.817867073,0.786586059,0.344295704
SRR28856013,0.811103115,0.788188197,0.187382552
SRR28856018,0.726683846,0.703050506,0.252842857
SRR28856019,0.881506146,0.870565556,0.183198558
SRR28856022,0.828387429,0.773688332,0.488890707
SRR28856026,0.754947088,0.731071169,0.280614217
SRR28856027,0.876330664,0.863667871,0.509137837
SRR28856028,0.839635012,0.808371456,0.283950191
SRR28856030,0.78667427,0.757843873,0.300033014
SRR28856031,0.760745648,0.742590956,0.253379173
SRR28856036,0.833949856,0.791298606,0.429403085
SRR28856040,0.762998976,0.743510361,0.239221012
SRR28856044,0.786959583,0.761412303,0.341933067
SRR28856050,0.836996879,0.820800151,0.343440594
SRR28856053,0.84879013,0.809696496,0.548275257
SRR28856056,0.744447741,0.714940312,0.409155235
SRR28856057,0.82887721,0.81553345,0.453578479
SRR28856060,0.781381628,0.760631445,0.284707652
SRR28856062,0.755740143,0.731843738,0.207240016
SRR28856064,0.804045711,0.782166992,0.332294964
SRR28856066,0.818718143,0.79455546,0.31415898
SRR28856068,0.785720867,0.677840696,0.430464703
SRR28856069,0.780815428,0.762054455,0.393339464
SRR28856072,0.853144855,0.841177262,0.443193151
SRR28856076,0.801941864,0.77275416,0.355343112
SRR28856077,0.819988084,0.732120794,0.446837467
SRR28856079,0.784749358,0.75209841,0.301988287
SRR28856085,0.836407687,0.826400223,0.48039625
SRR28856089,0.78031816,0.739819977,0.361633519
SRR28856094,0.8365417,0.814682983,0.308511692
SRR28856096,0.797423575,0.779704534,0.40206025
SRR28856101,0.772012771,0.734892121,0.36991647
SRR28856102,0.862617384,0.824229492,0.392037237
SRR28856111,0.802416788,0.791723584,0.10474395
SRR28856112,0.848480682,0.83422705,0.225984234
SRR28856114,0.866962087,0.855926164,0.202795673
SRR28856120,0.735930852,0.735550108,0.031762042
SRR28856125,0.75271572,0.728537269,0.174605452
SRR28856127,0.767500962,0.744768655,0.146868188
SRR28856132,0.815995537,0.764818909,0.464274154
SRR28856138,0.796297183,0.728600573,0.341294166
SRR28856146,0.800739246,0.744827008,0.390013768
SRR28856147,0.755912298,0.717338976,0.310268587
SRR28856154,0.84144443,0.828446259,0.223716558
SRR28856155,0.766343008,0.75581979,0.171149419
SRR28856161,0.774117051,0.742920293,0.312635263
SRR28856167,0.767196877,0.745765944,0.229509968
SRR28856171,0.839440685,0.791166051,0.475989204
SRR28856176,0.753906979,0.739786887,0.172038185
SRR28856186,0.816630413,0.73209737,0.532198975
SRR28856187,0.826145635,0.807228084,0.462793694
SRR28856199,0.768629805,0.708581078,0.469678089
SRR28856216,0.817875048,0.79180968,0.372551099
SRR28856220,0.798489195,0.772870939,0.340801673
SRR28856229,0.762115628,0.739172214,0.299017277
SRR28856230,0.777385654,0.758081904,0.338088769
SRR28856234,0.797946614,0.757118861,0.397719222
SRR28856244,0.852340448,0.815743881,0.500114805
SRR28856246,0.818024906,0.799719899,0.461796434
SRR28856247,0.776084652,0.736472613,0.249411274
SRR28856249,0.748354323,0.72517202,0.347001764
SRR28856252,0.805468848,0.782120796,0.271345464
SRR28856253,0.787721601,0.769830255,0.289765698
SRR28856254,0.865378807,0.84900425,0.383513048
SRR28856258,0.860041641,0.849039752,0.524080142
SRR28856259,0.83915554,0.830088591,0.487589949
SRR28856260,0.712589131,0.711870094,0.044532327
SRR28856269,0.66778778,0.663000386,0.071488887
SRR28856272,0.838387233,0.766447302,0.459650585
SRR28856281,0.821869062,0.815631381,0.200786054
SRR28856282,0.788220994,0.778873074,0.096655295
SRR28856284,0.864398404,0.835310934,0.404913094
SRR28856287,0.810887956,0.789528478,0.232037838
SRR28856292,0.716034596,0.687418986,0.202174028
SRR28856297,0.794747775,0.73440384,0.365645502
SRR28856307,0.812445926,0.78044048,0.418424602
SRR28856311,0.804413808,0.778635119,0.360099014
SRR28856313,0.808891091,0.737721827,0.354616701
SRR28856314,0.734505975,0.663172151,0.358770287
SRR28856321,0.777993697,0.765766877,0.235145573
SRR28856327,0.84683109,0.815223871,0.389780878
SRR28856328,0.752994035,0.732199796,0.27032511
SRR28856331,0.822791641,0.795548744,0.427114814
SRR28856340,0.84409398,0.826634282,0.360961595
SRR3160441,0.67978208,0.645624715,0.28384331
SRR32664153,0.697692093,0.671118154,0.251806858
SRR32664155,0.706547364,0.680353353,0.282306895
SRR32664160,0.720968426,0.687504478,0.404444224
SRR32664166,0.695458743,0.664268737,0.312366525
SRR32664167,0.73732621,0.710379346,0.261905324
SRR32664168,0.72016434,0.692046002,0.303212474
SRR3496379,0.778679206,0.754188547,0.301175809
SRR5091453,0.741304717,0.727863081,0.355505599
SRR5091469,0.729063516,0.710016937,0.270526341
SRR5091473,0.761192581,0.738714686,0.35835454
SRR5091477,0.775817993,0.752813431,0.388645084
SRR5091483,0.741591571,0.723598285,0.296182425
SRR5091490,0.685143358,0.6739693,0.300062124
SRR5091525,0.674070741,0.656070787,0.253019826
SRR5091527,0.754521923,0.739710654,0.421646012
SRR5091530,0.678644138,0.664097892,0.310498629
SRR5091535,0.68135089,0.66929227,0.310437619
SRR5091557,0.719145372,0.699829777,0.241497288
SRR5091565,0.721214814,0.713962986,0.347693954
SRR5091573,0.762677333,0.67609589,0.547648769
SRR5091574,0.69971687,0.685957951,0.288087069
SRR5091576,0.70567062,0.670683138,0.320247734
SRR5091577,0.70620236,0.677265831,0.440588245
SRR5091595,0.664824676,0.636662762,0.269162377
SRR5091596,0.676640182,0.65681012,0.255701209
SRR5091599,0.722454348,0.704575251,0.277655929
SRR5091600,0.686783444,0.667654237,0.300098383
SRR5091603,0.717705701,0.680476257,0.379582859
SRR5091611,0.691263507,0.684217514,0.21440542
SRR5091615,0.724875776,0.710245503,0.27590029
SRR5127392,0.715943754,0.701088663,0.269325539
SRR5127394,0.691727795,0.670667519,0.249138867
SRR5127401,0.703771268,0.684260527,0.244331475
SRR5127403,0.633557953,0.605181109,0.260276728
SRR5127409,0.656510987,0.640026977,0.229820716
SRR5127414,0.673336201,0.652979589,0.242034879
SRR5127415,0.723400732,0.679252335,0.319749454
SRR5127417,0.711109037,0.695232317,0.263573917
SRR5127422,0.709458981,0.687241724,0.246896265
SRR5127424,0.708478665,0.680087802,0.28496032
SRR5127427,0.682802939,0.66585689,0.254373869
SRR5127428,0.702927287,0.67514688,0.282083595
SRR5127431,0.702870877,0.676565605,0.264151781
SRR5127435,0.661396252,0.642987696,0.234725854
SRR5127437,0.623269213,0.602820028,0.21867464
SRR5127444,0.723862563,0.702244894,0.231671088
SRR5127447,0.664621632,0.642865396,0.244034092
SRR5127458,0.706092389,0.683113685,0.261835925
SRR5127459,0.715733588,0.697438843,0.243672262
SRR5127470,0.655103617,0.636375408,0.23725115
SRR5127472,0.713055534,0.685150017,0.28782338
SRR5127473,0.714874374,0.693011855,0.244388564
SRR5127476,0.641916326,0.612130882,0.262111909
SRR5127483,0.674280777,0.651661199,0.21652289
SRR5127498,0.709138316,0.688409332,0.160009974
SRR5127505,0.702879825,0.683219258,0.235321507
SRR5127506,0.724178732,0.703810157,0.228350455
SRR5127519,0.704426407,0.682215348,0.275180059
SRR5127527,0.671719518,0.651454613,0.244234765
SRR5127529,0.644555608,0.620066069,0.245084159
SRR5127535,0.726396303,0.696063628,0.307381494
SRR5127537,0.654001823,0.63508113,0.216988149
SRR5127541,0.669143132,0.629202186,0.257975754
SRR5127543,0.706053175,0.681360864,0.260242493
SRR5127544,0.652884461,0.629441018,0.210982295
SRR5127546,0.697174736,0.670983814,0.246815198
SRR5127552,0.698211916,0.677366253,0.236599422
SRR5127554,0.675251234,0.65415517,0.228993798
SRR5127555,0.713405526,0.696009698,0.228484296
SRR5127559,0.695194935,0.668886645,0.255382156
SRR5127562,0.663485088,0.649994881,0.175967271
SRR5127564,0.689194168,0.651375598,0.28212414
SRR5127569,0.644270036,0.616985707,0.228694487
SRR5127572,0.727383847,0.708302775,0.251431402
SRR5127573,0.675495087,0.656546326,0.253472596
SRR5127575,0.680140655,0.657903097,0.235922603
SRR5127576,0.718060477,0.698883709,0.278428134
SRR5127579,0.664638837,0.640973559,0.243460249
SRR5127581,0.652694446,0.630292213,0.219811904
SRR5127585,0.695765645,0.663717226,0.283620834
SRR5127589,0.697532939,0.652282568,0.299161985
SRR5127591,0.677547666,0.65431376,0.285106729
SRR5127592,0.683412783,0.648501951,0.269569807
SRR5127598,0.675182209,0.653171189,0.257016925
SRR5127599,0.7276027,0.705266703,0.263079182
SRR5127602,0.719260758,0.688334028,0.283221237
SRR5127605,0.666936716,0.644687892,0.217756335
SRR5127612,0.676505106,0.660418665,0.25894036
SRR5127616,0.655176471,0.638283422,0.211411765
SRR5127621,0.695513961,0.667783574,0.283330265
SRR5127622,0.6602575,0.636015977,0.230623778
SRR5127623,0.73710993,0.717843184,0.269173205
SRR5127625,0.622921296,0.603265895,0.206386553
SRR5127627,0.697137172,0.68302256,0.272911644
SRR5127631,0.691943108,0.674512838,0.257430011
SRR5127637,0.724407732,0.702024934,0.229810957
SRR5127640,0.721027938,0.699341379,0.251163637
SRR5127658,0.70679658,0.683104994,0.252629647
SRR5127667,0.701060541,0.678426169,0.251179509
SRR5127681,0.64059929,0.611510365,0.250553058
SRR5127682,0.705447629,0.680745625,0.238387015
SRR5127685,0.698074862,0.671581126,0.290248679
SRR5127695,0.71508336,0.702493743,0.26785518
SRR5127699,0.640276792,0.608623777,0.220638571
SRR5127703,0.722006525,0.701144659,0.282487508
SRR5127704,0.717651177,0.692107318,0.272838027
SRR5127707,0.660373099,0.636379332,0.254634958
SRR5127712,0.706708414,0.674721849,0.266423138
SRR5127714,0.653533426,0.630811683,0.223849828
SRR5127717,0.707065704,0.690057268,0.224516409
SRR5127720,0.721589279,0.693401817,0.28407744
SRR5127732,0.701680808,0.68442381,0.289931328
SRR5127735,0.725079079,0.707393934,0.281152264
SRR5127737,0.683673263,0.654797257,0.27933157
SRR5127738,0.660474145,0.641312463,0.206672113
SRR5127743,0.724739749,0.702556311,0.260735478
SRR5127747,0.648927984,0.632196064,0.222589448
SRR5127751,0.70066317,0.679383446,0.237212464
SRR5127753,0.715649847,0.697587844,0.267928544
SRR5127754,0.669149791,0.642554737,0.214690374
SRR5127756,0.671205094,0.655349258,0.211932085
SRR5127763,0.710356093,0.698080924,0.19643251
SRR5127765,0.647077778,0.623744235,0.231951728
SRR5127767,0.671234047,0.65445579,0.215907912
SRR5127768,0.719811999,0.703335869,0.253259272
SRR5127769,0.735463785,0.713789946,0.243274425
SRR5127777,0.727230331,0.706992333,0.254038375
SRR5127785,0.704197357,0.684773461,0.241582444
SRR5127790,0.670290217,0.654253315,0.203267346
SRR5127802,0.703905215,0.681052777,0.266374854
SRR5127806,0.729640657,0.702364527,0.264047235
SRR5127814,0.723838187,0.700276862,0.283088977
SRR5127817,0.686247608,0.660444569,0.255063289
SRR5127818,0.711639706,0.685216451,0.268453445
SRR5127819,0.724630275,0.704851873,0.310622066
SRR5127821,0.713005896,0.678216164,0.304419236
SRR5127834,0.665537784,0.632701567,0.252361474
SRR5127836,0.721090535,0.703617067,0.251082954
SRR5127838,0.672076268,0.654123007,0.244815658
SRR5127842,0.718549494,0.702002746,0.23577778
SRR5127848,0.713835977,0.691952153,0.272545586
SRR5127856,0.734591718,0.705387705,0.317257276
SRR5127861,0.669078178,0.637057744,0.28180531
SRR5813176,0.702544186,0.666283586,0.288380756
SRR5813178,0.695118402,0.664770472,0.261810425
SRR5813185,0.732427186,0.717150489,0.235170494
SRR5813187,0.753228439,0.731275517,0.309846912
SRR5813193,0.687467472,0.639739017,0.331953947
SRR5813194,0.70196572,0.667889248,0.292256982
SRR5813197,0.688940062,0.66287178,0.249362847
SRR5813198,0.706655331,0.676451286,0.303979476
SRR5813199,0.691448623,0.659040112,0.267239838
SRR5813200,0.689821275,0.659409746,0.241022789
SRR5813204,0.726455864,0.706368611,0.228164615
SRR5813211,0.682761584,0.670890343,0.182959878
SRR5813212,0.709070758,0.69803086,0.203976082
SRR5813213,0.650793361,0.645708017,0.133088687
SRR5813219,0.710251569,0.674281747,0.335752208
SRR5813220,0.72708874,0.689218791,0.376366104
SRR5813223,0.671237135,0.659647322,0.187114536
SRR5813224,0.676638156,0.634496714,0.305494963
SRR5813231,0.693973595,0.661911555,0.318515566
SRR5813235,0.687889361,0.629576695,0.36228509
SRR5813241,0.695870642,0.672718535,0.253118397
SRR5813242,0.711650618,0.691924894,0.244741365
SRR5813246,0.696333121,0.679989244,0.228788048
SRR5813249,0.749145456,0.733189489,0.271691054
SRR5813250,0.721058758,0.692964857,0.286300524
SRR5813252,0.734352136,0.714284871,0.287998584
SRR5813256,0.775770692,0.758021829,0.305261677
SRR5813264,0.694072985,0.667854955,0.262206017
SRR5813265,0.688815928,0.668282707,0.191289626
SRR5813270,0.68344998,0.648302483,0.286544188
SRR5813271,0.694121136,0.670856388,0.234541276
SRR5813291,0.66712243,0.642539993,0.225538101
SRR5813292,0.676795442,0.650913339,0.252430156
SRR5813293,0.7239977,0.701585606,0.271401577
SRR5813298,0.701594226,0.68428035,0.211798919
SRR5813299,0.717036018,0.697026679,0.232123476
SRR5813301,0.683545248,0.665771251,0.236591153
SRR5813304,0.726651786,0.70501116,0.256582812
SRR5813305,0.701313051,0.682786443,0.220066638
SRR5813307,0.723096794,0.704036874,0.20949521
SRR5813313,0.724381388,0.703933566,0.242522862
SRR5813316,0.717075087,0.695964427,0.243508998
SRR5813318,0.696831397,0.674607905,0.253635198
SRR5813327,0.681083566,0.640893848,0.335360057
SRR5813329,0.688602806,0.646266965,0.331223215
SRR5813330,0.683595514,0.628255306,0.368489387
SRR5813333,0.678605147,0.629549261,0.348949292
SRR5813334,0.685748121,0.62925985,0.372170348
SRR5813335,0.667781944,0.628258926,0.261260366
SRR5813349,0.636130452,0.626583072,0.146167342
SRR5813350,0.664518724,0.652177543,0.181808522
SRR5813352,0.608978366,0.602587397,0.087322238
SRR5813356,0.683183894,0.650567273,0.274849388
SRR5813357,0.685528953,0.642782697,0.340803907
SRR5813358,0.708328283,0.66842283,0.334759043
SRR5813359,0.709890587,0.68221167,0.330948088
SRR5813360,0.716402833,0.695085693,0.368601701
SRR5813361,0.702766994,0.655581564,0.342458324
SRR5813362,0.657021235,0.643693986,0.146032507
SRR5813363,0.669821758,0.618259184,0.363046664
SRR5813364,0.693217965,0.640618384,0.340806201
SRR5813365,0.662214405,0.613558791,0.341904082
SRR5813367,0.635138965,0.601585555,0.277597159
SRR5813369,0.662319665,0.633776307,0.250829929
SRR5813371,0.731813699,0.68620274,0.353589041
SRR5813375,0.709333989,0.677186945,0.263809992
SRR5813379,0.699594255,0.68141821,0.191378336
SRR5813381,0.735569266,0.717555009,0.237891275
SRR5813385,0.69375107,0.672013665,0.259633575
SRR5813386,0.677247334,0.651769088,0.236812257
SRR5813389,0.681347523,0.656908333,0.241757987
SRR5813391,0.714169332,0.697189367,0.234272223
SRR5813399,0.532622538,0.526759357,0.101210798
SRR5813405,0.672222909,0.659310515,0.201297418
SRR5813410,0.704097937,0.684820967,0.210793724
SRR5813415,0.71218409,0.694970124,0.195656042
SRR5813421,0.730641004,0.713725249,0.199663972
SRR5813423,0.69102644,0.673542042,0.224163985
SRR5813425,0.713037802,0.693211085,0.235410361
SRR5813426,0.737640618,0.718206085,0.24065726
SRR5813432,0.712424869,0.692527996,0.230943154
SRR5813441,0.718115197,0.699724164,0.29115337
SRR5813442,0.694917372,0.664391262,0.257455295
SRR5813444,0.721588463,0.707742986,0.311656591
SRR5813445,0.725433732,0.706854836,0.323909025
SRR5813456,0.675422722,0.631916644,0.303518874
SRR5813457,0.658986407,0.627631297,0.259596125
SRR5813459,0.640386541,0.625046701,0.164214155
SRR5813465,0.704239125,0.681774976,0.25308241
SRR5813467,0.710630572,0.68948672,0.23679991
SRR5813474,0.698674446,0.678997144,0.265484924
SRR5813478,0.631728084,0.610141652,0.177765813
SRR5813483,0.66876076,0.640518342,0.217481607
SRR5813484,0.731351463,0.686882374,0.314041099
SRR5813486,0.746306116,0.730811068,0.349128651
SRR5813488,0.746425002,0.709291151,0.37910356
SRR5813489,0.732620489,0.68635899,0.365468983
SRR5813490,0.659387132,0.625352818,0.274764708
SRR5813493,0.673823991,0.624882399,0.28499608
SRR5813494,0.695278194,0.660477279,0.288044998
SRR5813502,0.657893647,0.645720499,0.174887382
SRR5813504,0.677912503,0.667144222,0.16755189
SRR5813506,0.657174781,0.648371555,0.139217085
SRR5813508,0.655756536,0.646582224,0.162758522
SRR5813509,0.675802044,0.663749021,0.183410747
SRR5813517,0.697331871,0.645540936,0.337472588
SRR5813519,0.70295336,0.679963179,0.313010126
SRR5813522,0.672562799,0.633051004,0.297241896
SRR5813523,0.721412744,0.693267383,0.273170588
SRR5813529,0.710200052,0.680500711,0.276755901
SRR5813533,0.685738218,0.659109671,0.277909292
SRR5813537,0.737494449,0.723152142,0.325748882
SRR5813543,0.674623116,0.63690072,0.260449205
SRR5813551,0.688956247,0.657731506,0.229862941
SRR5813552,0.695896765,0.665542108,0.327980433
SRR5813554,0.703300364,0.686326094,0.208925597
SRR5813556,0.730377138,0.710873773,0.245292629
SRR5925339,0.764559582,0.731732252,0.390191045
SRR5925340,0.757231014,0.720653285,0.338736946
SRR5925342,0.756873773,0.704174067,0.425067422
SRR6179070,0.556708052,0.539561234,0.204331405
SRR6179073,0.724155721,0.699411521,0.25287538
SRR6179079,0.713105137,0.687161203,0.300184988
SRR6303061,0.384866135,0.363622252,0.182117884
SRR6303066,0.367773414,0.349760648,0.179782435
SRR6784513,0.805341353,0.776920313,0.417001962
SRR6784516,0.838544604,0.8137981,0.410258416
SRR6784534,0.635658413,0.607604677,0.24820907
SRR6784540,0.730713299,0.716298767,0.253157332
SRR6784545,0.779562129,0.757464374,0.347331009
SRR6784553,0.77732383,0.742625019,0.323086132
SRR6784556,0.808759056,0.787071903,0.361319208
SRR6784558,0.800604059,0.783608727,0.372112589
SRR6784560,0.814428705,0.746829592,0.404724636
SRR6784566,0.789314023,0.758803629,0.395527239
SRR6784583,0.788150744,0.762791005,0.354614361
SRR6784585,0.810390807,0.777511983,0.380423323
SRR6784587,0.576385355,0.55416261,0.213108919
SRR6953310,0.746788258,0.733586279,0.204885842
SRR6953349,0.746967449,0.720610458,0.433828435
SRR6953390,0.790710383,0.778614009,0.167213115
SRR6953391,0.734983952,0.723979826,0.175149014
SRR6953392,0.779710663,0.763136274,0.190569745
SRR6953396,0.749852885,0.734604068,0.207880261
SRR6953475,0.805958677,0.778157292,0.372844933
SRR6953511,0.713413569,0.687854012,0.26496935
SRR6953657,0.783323495,0.766773792,0.212828753
SRR6953731,0.805127834,0.779054103,0.365857898
SRR6953734,0.788701709,0.77165608,0.302602105
SRR8508120,0.593632593,0.580928182,0.200642821
SRR8508124,0.374055663,0.358145011,0.180691369
SRR8508125,0.504107609,0.492507581,0.145881814
SRR8508127,0.628353979,0.614686657,0.216505919
SRR8508133,0.488239162,0.469522991,0.19421822
SRR8508139,0.555685018,0.5402709,0.188513448
SRR8508151,0.426435118,0.41640974,0.088424673
SRR8508152,0.421974522,0.412296302,0.155947556
SRR8849244,0.732923163,0.698317699,0.340206186
SRR8849248,0.74307632,0.717139167,0.298717549
SRR8849249,0.685546278,0.665105386,0.278467462
SRR8849251,0.719257552,0.674401328,0.32304769
SRR8849252,0.71494251,0.692028798,0.264608087
SRR8849256,0.732513183,0.706653793,0.26941782
SRR8849261,0.734198513,0.704222708,0.315340621
SRR8849262,0.739174883,0.711030542,0.300148081
SRR8849263,0.722008023,0.706827385,0.196360171
SRR8849275,0.729823705,0.707394964,0.259073799
SRR8849278,0.712807409,0.6893852,0.276417165
SRR8849279,0.754087749,0.726497955,0.293572067
SRR8849286,0.706855275,0.682185106,0.310961623
SRR9108943,0.691829135,0.653771274,0.341163211
SRR9108950,0.75385944,0.724621581,0.388443538
SRR9108952,0.731620472,0.689024369,0.432293321
SRR9108955,0.721211815,0.711256648,0.284414942
SRR9108956,0.690614966,0.636334513,0.365159242
SRR9108958,0.747233976,0.692773516,0.352853344
SRR9108960,0.772915239,0.749654427,0.415724812
SRR9108963,0.716410139,0.677816162,0.367690352
SRR9108965,0.747265414,0.715967668,0.406533273
SRR9108966,0.754213747,0.737309292,0.392406956
SRR9108968,0.758095536,0.731137909,0.432627387
SRR9333173,0.715012088,0.6903684,0.294351833
SRR9333181,0.644510629,0.535277173,0.563895478
SRR9333187,0.75930232,0.742341874,0.402055304
SRR9333188,0.817218432,0.760513001,0.541797401
SRR9333189,0.682770225,0.602455543,0.425120291
SRR9333204,0.683781669,0.658700023,0.311286786
SRR9333213,0.723882428,0.69032995,0.355693648
SRR9333214,0.792078981,0.734012434,0.447331783
SRR9333234,0.786910165,0.7,0.487923291
SRR9333235,0.631508341,0.610202535,0.224231716
SRR9333245,0.641478789,0.583260332,0.349714859
SRR9333261,0.733473238,0.723648386,0.280569021
SRR9333263,0.769077556,0.743914814,0.279030997
SRR9333267,0.787077668,0.757133979,0.411556932
SRR9333268,0.7797987,0.77048051,0.391524195
SRR9333276,0.716594908,0.636753574,0.447365864
SRR9333281,0.708550864,0.674915324,0.344830355
SRR9333293,0.76617317,0.6971175,0.502942525
SRR9333294,0.715722073,0.686110733,0.360137292