rank,name,diff,sourmash,singleM
order,o__Oscillospirales,-11.78917257,19.203849,7.414676436
order,o__RF39,-5.969373211,6.978084673,1.008711462
order,o__Lachnospirales,-5.760283941,10.74062746,4.980343522
order,o__Christensenellales,-5.191028001,6.514604336,1.323576335
order,o__TANB77,-3.700847773,4.030161512,0.329313739
order,o__Bacteroidales,-2.179882733,33.56703408,31.38715135
order,o__RFN20,-1.373132083,1.971555953,0.59842387
order,o__Gastranaerophilales,-1.310997719,1.798044913,0.487047194
class,c__Clostridia,-28.54619265,43.99534167,15.44914902
class,c__Bacilli,-9.492959366,13.38211248,3.889153116
class,c__Bacteroidia,-2.187719096,33.57938571,31.39166662
class,c__Vampirovibrionia,-1.310997719,1.798044913,0.487047194
phylum,p__Bacillota,-38.54528952,58.21501253,19.669723
phylum,p__Bacteroidota,-2.187719096,33.57938571,31.39166662
phylum,p__Cyanobacteriota,-1.310094665,1.798044913,0.487950248
superkingdom,d__Bacteria,-43.52285503,98.7160183,55.19316328
order,o__Oscillospirales,-12.15894365,23.02313592,10.86419227
order,o__Christensenellales,-7.349478762,12.35848854,5.009009777
order,o__Bacteroidales,-6.313247133,26.36570643,20.0524593
order,o__RF39,-4.876118313,6.812420786,1.936302473
order,o__TANB77,-2.367577622,2.902193293,0.534615672
order,o__Lachnospirales,-1.691611858,5.40321368,3.711601821
order,o__RFN20,-1.428623175,2.315739726,0.887116551
class,c__Clostridia,-24.70508216,46.09568001,21.39059784
class,c__Bacilli,-7.685391014,12.7295869,5.044195891
class,c__Bacteroidia,-6.324240515,26.38181779,20.05757728
class,c__Spirochaetia,-1.74416208,4.364567893,2.620405813
phylum,p__Bacillota,-33.10134919,60.14049107,27.03914189
phylum,p__Bacteroidota,-6.324240515,26.38181779,20.05757728
phylum,p__Spirochaetota,-1.741642315,4.369938347,2.628296032
superkingdom,d__Bacteria,-44.90800236,98.0537475,53.14574515
superkingdom,d__Archaea,-1.333161131,1.946252497,0.613091367
order,o__Oscillospirales,-16.18389667,29.45654674,13.27265007
order,o__Christensenellales,-5.289278725,9.499071524,4.209792799
order,o__Bacteroidales,-4.686366106,18.85227968,14.16591357
order,o__RF39,-4.365819592,5.271277819,0.905458228
order,o__Lachnospirales,-3.299602365,11.12208203,7.822479666
order,o__RFN20,-1.915717872,2.720351867,0.804633995
order,o__Peptostreptococcales,-1.148217133,2.24966199,1.101444857
order,o__RFP12,-1.036761294,2.552608991,1.515847697
order,o__Sphaerochaetales,-1.026882815,2.211513108,1.184630293
class,c__Clostridia,-27.60222606,54.49006727,26.88784121
class,c__Bacilli,-7.381803795,10.63343974,3.251635944
class,c__Bacteroidia,-4.72545982,18.8965997,14.17113988
class,c__Spirochaetia,-1.92108934,4.972818922,3.051729582
class,c__Kiritimatiellia,-1.036761294,2.552608991,1.515847697
phylum,p__Bacillota,-35.53907909,66.17091821,30.63183912
phylum,p__Bacteroidota,-4.72545982,18.8965997,14.17113988
phylum,p__Spirochaetota,-1.920653814,4.972818922,3.052165108
phylum,p__Verrucomicrobiota,-1.321177164,3.325684857,2.004507692
superkingdom,d__Bacteria,-45.70649289,98.03252753,52.32603465
superkingdom,d__Archaea,-1.299158062,1.967472468,0.668314406
order,o__Oscillospirales,-13.70905422,22.95963689,9.25058267
order,o__Bacteroidales,-7.307237484,29.5045408,22.19730332
order,o__RF39,-4.816408521,6.423091195,1.606682674
order,o__Lachnospirales,-4.547997415,9.593595274,5.045597859
order,o__Christensenellales,-4.464377091,7.512659153,3.048282062
order,o__TANB77,-1.671072463,2.149526055,0.478453592
class,c__Clostridia,-25.77254808,45.05833892,19.28579084
class,c__Bacteroidia,-7.313902321,29.51728429,22.20338197
class,c__Bacilli,-6.6957027,10.53548873,3.839786032
class,c__Spirochaetia,-1.28551821,3.845908779,2.560390569
class,c__Negativicutes,-1.14982336,2.218865605,1.069042245
phylum,p__Bacillota,-33.76121839,57.99934783,24.23812944
phylum,p__Bacteroidota,-7.313902321,29.51728429,22.20338197
phylum,p__Spirochaetota,-1.295360175,3.866148432,2.570788257
phylum,p__Verrucomicrobiota,-1.067281646,2.91151149,1.844229843
superkingdom,d__Bacteria,-46.23920898,98.93516939,52.69596042
order,o__Oscillospirales,-10.71195672,16.9702214,6.258264687
order,o__Bacteroidales,-8.671650753,35.45558172,26.78393097
order,o__Lachnospirales,-6.589948879,11.99006548,5.400116602
order,o__RF39,-2.813146195,3.442136005,0.628989809
order,o__Christensenellales,-2.785658084,4.144791034,1.35913295
order,o__Gastranaerophilales,-1.711939419,2.02808956,0.316150141
order,o__Rs-D84,-1.603648426,1.84420944,0.240561015
order,o__TANB77,-1.477989041,1.627879887,0.149890846
order,o__Treponematales,-1.084643008,4.667310108,3.582667101
order,o__RFN20,-1.021386929,1.49184188,0.470454951
class,c__Clostridia,-22.71988907,36.97404877,14.2541597
class,c__Bacteroidia,-8.686653926,35.4755506,26.78889667
class,c__Bacilli,-4.761698919,7.168412557,2.406713639
class,c__Alphaproteobacteria,-2.09934256,2.466988942,0.367646383
class,c__Spirochaetia,-1.923236592,6.543552963,4.620316371
class,c__Vampirovibrionia,-1.711571589,2.02808956,0.316517971
phylum,p__Bacillota,-28.48954742,46.05822593,17.56867851
phylum,p__Bacteroidota,-8.686653926,35.4755506,26.78889667
phylum,p__Pseudomonadota,-2.22698265,2.805211878,0.578229228
phylum,p__Spirochaetota,-1.918034778,6.551041294,4.633006516
phylum,p__Cyanobacteriota,-1.710284183,2.02808956,0.317805377
phylum,p__Verrucomicrobiota,-1.049080468,3.078951967,2.029871498
superkingdom,d__Bacteria,-45.88425859,98.88382271,52.99956412
order,o__Oscillospirales,-13.36219126,23.35822566,9.996034402
order,o__Bacteroidales,-6.576074487,25.20075538,18.62468089
order,o__RF39,-3.87186465,4.825591073,0.953726423
order,o__Christensenellales,-3.770958431,6.553321432,2.782363001
order,o__Lachnospirales,-2.301613,8.387815196,6.086202196
order,o__Lactobacillales,-2.089373345,5.994248552,3.904875208
order,o__RFN20,-1.649777699,2.30459714,0.654819441
order,o__TANB77,-1.076913679,1.426382041,0.349468362
order,o__RFP12,-1.065381156,2.453836308,1.388455152
order,o__Gastranaerophilales,-1.020582149,1.60030307,0.579720921
class,c__Clostridia,-21.95331098,42.26510616,20.31179518
class,c__Bacilli,-8.251132023,14.66102619,6.409894168
class,c__Bacteroidia,-6.587932949,25.21682729,18.62889434
class,c__Spirochaetia,-1.091768542,5.029359936,3.937591395
class,c__Alphaproteobacteria,-1.082965832,1.676070648,0.593104816
class,c__Kiritimatiellia,-1.065381156,2.453836308,1.388455152
class,c__Vampirovibrionia,-1.020582149,1.60030307,0.579720921
phylum,p__Bacillota,-31.24672647,58.94717507,27.70044861
phylum,p__Bacteroidota,-6.587932949,25.21682729,18.62889434
phylum,p__Pseudomonadota,-1.378982055,2.565191686,1.186209631
phylum,p__Verrucomicrobiota,-1.239701822,2.794216408,1.554514586
phylum,p__Spirochaetota,-1.091272842,5.029359936,3.938087094
phylum,p__Cyanobacteriota,-1.020086449,1.60030307,0.580216621
superkingdom,d__Bacteria,-43.6204813,98.57648794,54.95600664
order,o__Bacteroidales,-10.11508273,30.35103035,20.23594761
order,o__Oscillospirales,-6.521821259,16.96455237,10.44273111
order,o__Lachnospirales,-5.235297791,11.15118657,5.915888774
order,o__Christensenellales,-4.346650181,6.6702658,2.323615619
order,o__RF39,-3.783948386,5.55721473,1.773266345
order,o__RFN20,-3.703636653,5.528498243,1.824861589
order,o__TANB77,-2.049011081,2.86245951,0.813448429
order,o__Treponematales,-1.694069798,2.945162995,1.251093197
class,c__Clostridia,-19.24939188,40.12497416,20.87558228
class,c__Bacteroidia,-10.17494628,30.43028785,20.25534157
class,c__Bacilli,-8.115860665,13.30722047,5.191359809
class,c__Spirochaetia,-2.40818139,4.213283099,1.805101708
class,c__Negativicutes,-1.141828718,2.390360449,1.248531731
phylum,p__Bacillota,-28.50269018,55.82255508,27.3198649
phylum,p__Bacteroidota,-10.17494628,30.43028785,20.25534157
phylum,p__Spirochaetota,-2.4143415,4.220175056,1.805833556
phylum,p__Verrucomicrobiota,-1.199257226,2.191642353,0.992385127
phylum,p__Pseudomonadota,-1.133776547,2.002113534,0.868336986
superkingdom,d__Bacteria,-45.98157139,98.99147695,53.00990556
order,o__Bacteroidales,-14.26115441,42.81665289,28.55549848
order,o__Oscillospirales,-7.129549133,11.69078367,4.561234536
order,o__Enterobacterales,3.895223098,1.008676564,4.903899662
order,o__RFN20,-3.873078169,5.349042382,1.475964214
order,o__RF39,-3.830470053,5.481726421,1.651256367
order,o__Christensenellales,-2.79295673,3.865898813,1.072942083
order,o__Lachnospirales,-2.748381924,6.848163611,4.099781687
order,o__Treponematales,-2.298603457,4.545296663,2.246693207
order,o__TANB77,-2.038428273,2.948920119,0.910491845
class,c__Clostridia,-15.05101374,26.40412363,11.35310988
class,c__Bacteroidia,-14.34659277,42.90765608,28.56106331
class,c__Bacilli,-7.796493609,12.11801238,4.321518771
class,c__Gammaproteobacteria,3.629229586,1.367131871,4.996361457
class,c__Spirochaetia,-3.089864898,5.885335982,2.795471084
class,c__Negativicutes,-1.304742847,2.332738223,1.027995377
phylum,p__Bacillota,-24.26900547,40.97505401,16.70604854
phylum,p__Bacteroidota,-14.34659277,42.90765608,28.56106331
phylum,p__Pseudomonadota,3.316078997,1.833957388,5.150036385
phylum,p__Spirochaetota,-3.089650866,5.885335982,2.795685116
superkingdom,d__Bacteria,-42.60571402,98.80514897,56.19943496
superkingdom,d__Archaea,-1.002008254,1.194851026,0.192842772
order,o__Bacteroidales,-16.09358387,47.51920361,31.42561974
order,o__Oscillospirales,-5.408955227,13.34697916,7.938023934
order,o__RF39,-3.370294286,4.875488115,1.505193829
order,o__RFN20,-2.990658432,4.287106203,1.296447771
order,o__Lachnospirales,-2.986102634,7.110433016,4.124330381
order,o__Christensenellales,-2.454274062,3.376964735,0.922690673
order,o__Treponematales,-1.835480238,3.692681858,1.857201621
order,o__TANB77,-1.633871206,2.527247596,0.893376391
class,c__Bacteroidia,-16.12268828,47.56225594,31.43956766
class,c__Clostridia,-13.07548672,27.74232045,14.66683373
class,c__Bacilli,-6.678322604,10.70643595,4.028113342
class,c__Spirochaetia,-2.547830915,4.821106218,2.273275304
class,c__Negativicutes,-1.350235646,2.435100493,1.084864847
phylum,p__Bacillota,-21.0967164,40.88385688,19.78714049
phylum,p__Bacteroidota,-16.12268828,47.56225594,31.43956766
phylum,p__Spirochaetota,-2.556658159,4.830169868,2.273511709
superkingdom,d__Bacteria,-43.14306354,99.03925316,55.89618962
order,o__Bacteroidales,-15.43530686,41.01655902,25.58125216
order,o__Oscillospirales,-5.44829667,16.65525692,11.20696025
order,o__RF39,-4.163555864,5.69396077,1.530404906
order,o__Lachnospirales,-3.563938779,8.195176157,4.631237377
order,o__RFN20,-3.14270266,4.446825609,1.30412295
order,o__Christensenellales,-2.757944908,3.757279916,0.999335008
order,o__Treponematales,-2.176372259,3.913047792,1.736675533
order,o__TANB77,-2.169208699,3.069718526,0.900509827
order,o__Selenomonadales,-1.024148148,1.820599061,0.796450914
class,c__Bacteroidia,-15.4829314,41.07311169,25.59018029
class,c__Clostridia,-14.50622117,33.02378189,18.51756071
class,c__Bacilli,-7.751770892,11.83438998,4.082619083
class,c__Spirochaetia,-2.756570106,4.944885952,2.188315847
class,c__Negativicutes,-1.557277555,2.612336419,1.055058864
phylum,p__Bacillota,-23.81219096,47.47050828,23.65831732
phylum,p__Bacteroidota,-15.4829314,41.07311169,25.59018029
phylum,p__Spirochaetota,-2.761907285,4.950838865,2.18893158
superkingdom,d__Bacteria,-45.33293902,98.95129525,53.61835624
order,o__Bacteroidales,-10.77054654,38.36882789,27.59828135
order,o__Oscillospirales,-8.512187363,18.04806226,9.535874897
order,o__RF39,-3.778127007,5.418309933,1.640182926
order,o__Lachnospirales,-3.39251384,8.818425619,5.425911779
order,o__RFN20,-3.216748916,4.575905769,1.359156853
order,o__Christensenellales,-2.562659706,3.678813693,1.116153987
order,o__TANB77,-2.037213285,3.033075669,0.995862384
order,o__Treponematales,-1.649131485,3.70826103,2.059129545
order,o__Selenomonadales,-1.154550998,2.12967345,0.975122452
class,c__Clostridia,-16.91919195,34.90140401,17.98221205
class,c__Bacteroidia,-10.79636788,38.41089551,27.61452763
class,c__Bacilli,-7.421606536,11.83782931,4.416222775
class,c__Spirochaetia,-2.392670321,4.896671399,2.504001078
class,c__Negativicutes,-1.812331255,3.093022033,1.280690778
phylum,p__Bacillota,-26.20649377,49.89115002,23.68465625
phylum,p__Bacteroidota,-10.79636788,38.41089551,27.61452763
phylum,p__Spirochaetota,-2.398980464,4.902981543,2.504001078
superkingdom,d__Bacteria,-42.452171,98.83367513,56.38150413
order,o__Bacteroidales,-14.92804756,39.65388725,24.72583968
order,o__Oscillospirales,-9.624458842,16.11548687,6.491028026
order,o__RF39,-4.030895528,5.542027977,1.511132449
order,o__Lachnospirales,-3.915400961,8.570825155,4.655424193
order,o__Enterobacterales,3.601518043,0.770243745,4.371761788
order,o__Christensenellales,-3.040761844,3.972966929,0.932205085
order,o__RFN20,-2.890152896,4.156831565,1.266678669
order,o__TANB77,-2.223436755,3.135637439,0.912200684
order,o__Treponematales,-1.541178198,3.215146471,1.673968273
order,o__Selenomonadales,-1.020190566,1.889581832,0.869391266
class,c__Clostridia,-19.53034716,33.29937635,13.76902919
class,c__Bacteroidia,-14.99763852,39.73588094,24.73824241
class,c__Bacilli,-7.767507167,11.82199916,4.054491988
class,c__Gammaproteobacteria,3.352928973,1.093249186,4.446178159
class,c__Spirochaetia,-2.228737183,4.331999901,2.103262718
class,c__Negativicutes,-1.591166122,2.741819266,1.150653144
phylum,p__Bacillota,-28.89038898,47.86816409,18.97777511
phylum,p__Bacteroidota,-14.99763852,39.73588094,24.73824241
phylum,p__Pseudomonadota,3.021990089,1.544214476,4.566204565
phylum,p__Spirochaetota,-2.227937007,4.331999901,2.104062894
superkingdom,d__Bacteria,-46.35782183,98.9017815,52.54395967
order,o__Bacteroidales,-25.03911515,61.27746816,36.23835302
order,o__Oscillospirales,-6.905017378,10.64749309,3.742475715
order,o__RF39,-3.011283383,4.26207733,1.250793947
order,o__Lachnospirales,1.507084729,4.759704696,6.266789425
order,o__TANB77,-1.485449944,2.157026941,0.671576997
order,o__Christensenellales,-1.329539415,1.858643027,0.529103612
order,o__Selenomonadales,-1.122376889,2.064624181,0.942247292
order,o__RFN20,-1.090646119,1.716188771,0.625542652
order,o__Treponematales,-1.069192499,2.826946955,1.757754456
class,c__Bacteroidia,-25.15885905,61.40740955,36.2485505
class,c__Clostridia,-8.622878439,20.4787618,11.85588336
class,c__Bacilli,-4.159968582,7.018759685,2.858791103
class,c__Negativicutes,-1.779631969,3.0627665,1.283134531
class,c__Spirochaetia,-1.283557484,3.212920986,1.929363502
phylum,p__Bacteroidota,-25.15885905,61.40740955,36.2485505
phylum,p__Bacillota,-14.6558183,30.65654086,16.00072256
phylum,p__Spirochaetota,-1.283266127,3.212920986,1.929654859
superkingdom,d__Bacteria,-43.67282294,99.66311494,55.990292
order,o__Bacteroidales,-11.54510718,35.25215448,23.7070473
order,o__Oscillospirales,-7.701165087,20.30322375,12.60205866
order,o__RF39,-4.349526261,6.213692946,1.864166686
order,o__Lachnospirales,-2.919935652,8.034631344,5.114695692
order,o__RFN20,-2.807068385,4.079955314,1.27288693
order,o__Christensenellales,-2.558371795,3.756782636,1.198410841
order,o__TANB77,-2.467002236,3.537344398,1.070342162
order,o__Treponematales,-1.563634789,3.363389722,1.799754933
order,o__Selenomonadales,-1.425078511,2.550271305,1.125192795
class,c__Clostridia,-16.35810068,37.24864347,20.89054279
class,c__Bacteroidia,-11.62852606,35.34312161,23.71459555
class,c__Bacilli,-8.071482963,13.05936802,4.987885055
class,c__Negativicutes,-2.397234238,4.075965528,1.67873129
class,c__Spirochaetia,-2.171138581,4.394350463,2.223211882
phylum,p__Bacillota,-26.85244596,54.41589531,27.56344935
phylum,p__Bacteroidota,-11.62852606,35.34312161,23.71459555
phylum,p__Spirochaetota,-2.175926324,4.399138206,2.223211882
superkingdom,d__Bacteria,-43.30210981,99.00015959,55.69804978
order,o__Bacteroidales,-10.98268066,34.49382627,23.51114561
order,o__Oscillospirales,-8.795591194,21.3882801,12.59268891
order,o__RF39,-4.256716275,6.111450437,1.854734161
order,o__RFN20,-2.921793747,4.21322411,1.291430363
order,o__TANB77,-2.698635043,3.735374076,1.036739033
order,o__Christensenellales,-2.643905173,3.916214565,1.272309393
order,o__Lachnospirales,-2.599730686,7.740212458,5.140481772
order,o__Treponematales,-1.578290499,3.265907376,1.687616877
order,o__Selenomonadales,-1.234171988,2.37607636,1.141904372
order,o__Lactobacillales,-1.064700126,2.101821579,1.037121453
class,c__Clostridia,-17.60369119,38.51782656,20.91413537
class,c__Bacteroidia,-11.02701304,34.54771913,23.5207061
class,c__Bacilli,-8.349101832,13.32590809,4.976806263
class,c__Negativicutes,-2.191993955,3.85513599,1.663142034
class,c__Spirochaetia,-2.023981492,4.152145535,2.128164043
phylum,p__Bacillota,-28.20377248,55.7647397,27.56096722
phylum,p__Bacteroidota,-11.02701304,34.54771913,23.5207061
phylum,p__Spirochaetota,-2.029587168,4.15813363,2.128546462
superkingdom,d__Bacteria,-43.51130395,99.01795231,55.50664836
order,o__Oscillospirales,-11.5629243,19.99114269,8.428218385
order,o__Bacteroidales,-11.40673679,35.42359626,24.01685947
order,o__RF39,-4.704961995,6.578910174,1.873948178
order,o__Enterobacterales,4.237095321,0.909287929,5.14638325
order,o__Lachnospirales,-2.880138068,7.666286619,4.786148551
order,o__RFN20,-2.696821507,3.969772066,1.272950559
order,o__Christensenellales,-2.361619729,3.597576489,1.23595676
order,o__TANB77,-2.23926662,3.268725207,1.029458587
order,o__Treponematales,-1.604632651,3.164133538,1.559500887
order,o__Selenomonadales,-1.187871885,2.239769333,1.051897448
class,c__Clostridia,-19.79456735,36.13218125,16.3376139
class,c__Bacteroidia,-11.48260693,35.51311165,24.03050472
class,c__Bacilli,-8.382439047,13.39904077,5.016601725
class,c__Gammaproteobacteria,3.901161407,1.346499948,5.247661355
class,c__Spirochaetia,-2.118063258,4.139380177,2.021316919
class,c__Negativicutes,-2.076914037,3.633382645,1.556468608
phylum,p__Bacillota,-30.32242533,53.24281286,22.92038753
phylum,p__Bacteroidota,-11.48260693,35.51311165,24.03050472
phylum,p__Pseudomonadota,3.539254962,1.815749055,5.355004018
phylum,p__Spirochaetota,-2.117456802,4.139380177,2.021923374
superkingdom,d__Bacteria,-42.83911979,99.11426875,56.27514896
order,o__Bacteroidales,-13.98267571,36.21070739,22.22803168
order,o__Oscillospirales,-12.7033346,20.19162491,7.488290307
order,o__Enterobacterales,5.222555549,1.19015472,6.412710269
order,o__RF39,-4.66516624,6.53684979,1.87168355
order,o__Lachnospirales,-3.097047553,7.273945613,4.17689806
order,o__RFN20,-2.804621806,3.941512397,1.13689059
order,o__TANB77,-2.644659655,3.618470401,0.973810746
order,o__Christensenellales,-2.458214774,3.52445818,1.066243406
order,o__Treponematales,-1.528617767,2.836368728,1.307750961
class,c__Clostridia,-21.40590205,35.89666657,14.49076451
class,c__Bacteroidia,-14.10722357,36.34272455,22.23550099
class,c__Bacilli,-8.594511236,13.19871583,4.604204597
class,c__Gammaproteobacteria,4.95880586,1.534199446,6.493005306
class,c__Spirochaetia,-2.034127571,3.741486393,1.707358822
class,c__Negativicutes,-1.826842615,3.296428536,1.46958592
phylum,p__Bacillota,-31.82072026,52.39181094,20.57109067
phylum,p__Bacteroidota,-14.10722357,36.34272455,22.23550099
phylum,p__Pseudomonadota,4.760427455,1.845239881,6.605667336
phylum,p__Spirochaetota,-2.038883467,3.747487173,1.708603707
superkingdom,d__Bacteria,-46.01162374,98.95686439,52.94524065
order,o__Bacteroidales,-14.55201384,40.54710956,25.99509572
order,o__Oscillospirales,-6.506781001,10.78968689,4.282905888
order,o__Christensenellales,-4.633189418,6.649430491,2.016241074
order,o__RFN20,-4.268730627,6.330124386,2.061393759
order,o__Enterobacterales,3.876696617,1.050850689,4.927547306
order,o__RF39,-3.601362037,5.243530477,1.64216844
order,o__Lachnospirales,-2.446231767,5.803507601,3.357275834
order,o__Treponematales,-2.312178865,4.16170233,1.849523466
order,o__Gastranaerophilales,-1.38177176,2.166039175,0.784267415
order,o__TANB77,-1.329377933,1.975408664,0.646030732
order,o__RFP12,-1.242991911,2.269694515,1.026702604
class,c__Clostridia,-15.72110485,27.12910451,11.40799967
class,c__Bacteroidia,-14.59421525,40.59834151,26.00412626
class,c__Bacilli,-8.358994851,13.66582472,5.306829865
class,c__Gammaproteobacteria,3.663313046,1.395177048,5.058490094
class,c__Spirochaetia,-3.1103511,5.562836582,2.452485482
class,c__Vampirovibrionia,-1.38177176,2.166039175,0.784267415
class,c__Kiritimatiellia,-1.242644583,2.269694515,1.027049932
phylum,p__Bacillota,-24.73662503,42.32116475,17.58453972
phylum,p__Bacteroidota,-14.59421525,40.59834151,26.00412626
phylum,p__Pseudomonadota,3.186021224,2.110041462,5.296062686
phylum,p__Spirochaetota,-3.116110431,5.569985226,2.453874795
phylum,p__Verrucomicrobiota,-1.496008754,2.689081638,1.193072883
phylum,p__Cyanobacteriota,-1.38177176,2.166039175,0.784267415
superkingdom,d__Bacteria,-44.39395685,99.08497355,54.6910167
order,o__Bacteroidales,-15.39725956,40.43617804,25.03891848
order,o__Christensenellales,-4.694506426,6.505895201,1.811388775
order,o__RFN20,-4.003905871,5.842824348,1.838918476
order,o__RF39,-3.940369228,5.617714579,1.67734535
order,o__Lachnospirales,-2.769938806,6.040073996,3.27013519
order,o__Treponematales,-2.713868483,4.391869303,1.678000819
order,o__TANB77,-1.523912571,2.170860543,0.646947972
order,o__Gastranaerophilales,-1.224874589,2.036017563,0.811142974
order,o__RFP12,-1.006991086,1.978068514,0.971077427
class,c__Bacteroidia,-15.42236768,40.4740678,25.05170012
class,c__Clostridia,-9.785011171,26.92290548,17.13789431
class,c__Bacilli,-8.192796833,13.16780707,4.975010242
class,c__Spirochaetia,-3.647336066,5.898544587,2.251208521
class,c__Vampirovibrionia,-1.224874589,2.036017563,0.811142974
class,c__Kiritimatiellia,-1.006991086,1.978068514,0.971077427
phylum,p__Bacillota,-19.02058373,42.02754809,23.00696436
phylum,p__Bacteroidota,-15.42236768,40.4740678,25.05170012
phylum,p__Spirochaetota,-3.653039291,5.905231016,2.252191725
phylum,p__Pseudomonadota,-1.364321422,2.332449239,0.968127816
phylum,p__Verrucomicrobiota,-1.260108283,2.399313527,1.139205244
phylum,p__Cyanobacteriota,-1.224546854,2.036017563,0.811470709
superkingdom,d__Bacteria,-44.3660326,98.83321818,54.46718558
order,o__Bacteroidales,-16.5499219,41.60259588,25.05267398
order,o__Oscillospirales,-5.731398499,9.231601244,3.500202745
order,o__Enterobacterales,5.058931629,1.100545315,6.159476944
order,o__RFN20,-4.395989826,6.289602956,1.89361313
order,o__Christensenellales,-3.994641526,5.760511965,1.765870439
order,o__RF39,-3.985456394,5.707332462,1.721876068
order,o__Treponematales,-2.484479606,4.132678354,1.648198749
order,o__Lachnospirales,-2.472055431,5.355806931,2.883751501
order,o__Gastranaerophilales,-1.577454804,2.470593537,0.893138733
order,o__TANB77,-1.33963807,1.977556447,0.637918377
order,o__Campylobacterales,-1.087257787,1.529586732,0.442328945
class,c__Bacteroidia,-16.63544751,41.70084276,25.06539525
class,c__Clostridia,-14.29102192,24.28410474,9.993082813
class,c__Bacilli,-8.992428777,14.18720988,5.194781102
class,c__Gammaproteobacteria,4.759968231,1.518770562,6.278738793
class,c__Spirochaetia,-3.521072614,5.691108207,2.170035593
class,c__Vampirovibrionia,-1.577454804,2.470593537,0.893138733
class,c__Campylobacteria,-1.087257787,1.529586732,0.442328945
phylum,p__Bacillota,-24.15697979,40.1460183,15.98903851
phylum,p__Bacteroidota,-16.63544751,41.70084276,25.06539525
phylum,p__Pseudomonadota,4.166345955,2.316463112,6.482809067
phylum,p__Spirochaetota,-3.524625515,5.696516292,2.171890777
phylum,p__Cyanobacteriota,-1.57915252,2.476001622,0.896849102
phylum,p__Verrucomicrobiota,-1.198200436,2.279507864,1.081307428
phylum,p__Campylobacterota,-1.087257787,1.529586732,0.442328945
superkingdom,d__Bacteria,-45.81187467,99.09594844,53.28407377
order,o__Bacteroidales,-14.70414343,40.39111426,25.68697083
order,o__Oscillospirales,-6.182875516,10.08743944,3.904563926
order,o__RFN20,-4.735130985,6.653668912,1.918537927
order,o__Christensenellales,-4.360139035,6.136121943,1.775982908
order,o__RF39,-3.978022628,5.606758833,1.628736205
order,o__Lachnospirales,-2.611343869,5.477962897,2.866619028
order,o__Enterobacterales,2.587124248,1.015006499,3.602130746
order,o__Treponematales,-2.2612393,3.97731301,1.71607371
order,o__TANB77,-1.513342651,2.122178896,0.608836246
order,o__Gastranaerophilales,-1.379847893,2.213163181,0.833315288
order,o__RFP12,-1.147097551,2.204891882,1.057794331
class,c__Clostridia,-15.37019402,25.6882902,10.31809619
class,c__Bacteroidia,-14.8011401,40.50218599,25.70104588
class,c__Bacilli,-9.224533908,14.28216944,5.057635536
class,c__Spirochaetia,-3.19065056,5.474418055,2.283767495
class,c__Gammaproteobacteria,2.316852331,1.389578164,3.706430495
class,c__Vampirovibrionia,-1.379847893,2.213163181,0.833315288
class,c__Kiritimatiellia,-1.154187236,2.211981567,1.057794331
phylum,p__Bacillota,-25.49289692,41.68498168,16.19208477
phylum,p__Bacteroidota,-14.8011401,40.50218599,25.70104588
phylum,p__Spirochaetota,-3.203287417,5.48741581,2.284128393
phylum,p__Pseudomonadota,1.735208586,2.194257356,3.929465942
phylum,p__Verrucomicrobiota,-1.438967667,2.682263973,1.243296305
phylum,p__Cyanobacteriota,-1.378404297,2.213163181,0.834758884
superkingdom,d__Bacteria,-47.19575626,98.98617512,51.79041886
order,o__Bacteroidales,-15.61530359,41.4537037,25.83840011
order,o__Oscillospirales,-6.405591673,10.09259259,3.68700092
order,o__RFN20,-4.239758628,6.09537037,1.855611742
order,o__Christensenellales,-4.053174794,5.760185185,1.707010391
order,o__Enterobacterales,3.820019405,1.175,4.995019405
order,o__RF39,-3.442344389,5.162962963,1.720618574
order,o__Treponematales,-2.329826898,3.977777778,1.64795088
order,o__Lachnospirales,-2.212254209,5.131481481,2.919227273
order,o__Gastranaerophilales,-1.56369156,2.393518519,0.829826958
order,o__TANB77,-1.493911493,2.132407407,0.638495915
order,o__RFP12,-1.166357867,2.080555556,0.914197689
class,c__Bacteroidia,-15.68786266,41.54259259,25.85472993
class,c__Clostridia,-14.77474346,24.88888889,10.11414543
class,c__Bacilli,-8.354774738,13.5462963,5.191521558
class,c__Gammaproteobacteria,3.476684774,1.662037037,5.138721811
class,c__Spirochaetia,-3.325089854,5.506481481,2.181391627
class,c__Vampirovibrionia,-1.569247116,2.399074074,0.829826958
class,c__Kiritimatiellia,-1.171369095,2.086111111,0.914742016
phylum,p__Bacillota,-24.04416985,40.23518519,16.19101533
phylum,p__Bacteroidota,-15.68786266,41.54259259,25.85472993
phylum,p__Spirochaetota,-3.329556755,5.512037037,2.182480282
phylum,p__Pseudomonadota,2.874648637,2.475,5.349648637
phylum,p__Cyanobacteriota,-1.568702788,2.399074074,0.830371286
phylum,p__Verrucomicrobiota,-1.375009737,2.452777778,1.07776804
superkingdom,d__Bacteria,-45.92119248,99.02685185,53.10565937
order,o__Bacteroidales,-10.77209045,36.77330192,26.00121146
order,o__Oscillospirales,-7.735998905,13.59599438,5.859995477
order,o__Christensenellales,-4.526709879,6.89504131,2.368331431
order,o__RFN20,-4.358839883,6.678296857,2.319456974
order,o__RF39,-4.002000348,6.007672905,2.005672557
order,o__Treponematales,-2.025847301,3.706556709,1.680709408
order,o__TANB77,-1.677320809,2.440074312,0.762753504
order,o__Lachnospirales,-1.385249365,7.728790007,6.343540642
class,c__Clostridia,-16.16662824,32.68385518,16.51722695
class,c__Bacteroidia,-10.84512321,36.85335387,26.00823067
class,c__Bacilli,-8.438708678,14.23943088,5.800722198
class,c__Spirochaetia,-2.772702632,5.034966091,2.262263459
phylum,p__Bacillota,-25.76651686,49.01672029,23.25020343
phylum,p__Bacteroidota,-10.84512321,36.85335387,26.00823067
phylum,p__Spirochaetota,-2.77192272,5.034966091,2.263043371
superkingdom,d__Bacteria,-43.52530713,99.01445466,55.48914753
order,o__Bacteroidales,-11.8909931,37.4431325,25.5521394
order,o__Oscillospirales,-4.475973516,13.26333183,8.787358319
order,o__Christensenellales,-4.368300753,6.542769591,2.174468838
order,o__RFN20,-4.132600684,6.1474424,2.014841717
order,o__RF39,-3.891419779,5.720740036,1.829320257
order,o__Lachnospirales,-3.457100593,7.86471025,4.407609658
order,o__Treponematales,-1.850101294,3.511927795,1.661826501
order,o__TANB77,-1.58542153,2.330129579,0.74470805
order,o__Gastranaerophilales,-1.08128701,1.70471778,0.62343077
class,c__Clostridia,-14.64610434,32.01104406,17.36493972
class,c__Bacteroidia,-11.93776014,37.50169949,25.56393935
class,c__Bacilli,-8.371650038,13.78520556,5.413555522
class,c__Spirochaetia,-2.721220321,4.990744324,2.269524003
class,c__Vampirovibrionia,-1.08128701,1.70471778,0.62343077
phylum,p__Bacillota,-24.0390134,47.7415104,23.702497
phylum,p__Bacteroidota,-11.93776014,37.50169949,25.56393935
phylum,p__Spirochaetota,-2.725075901,4.99492768,2.269851779
phylum,p__Pseudomonadota,-1.231565652,2.146061893,0.91449624
phylum,p__Cyanobacteriota,-1.12174696,1.745505506,0.623758547
phylum,p__Verrucomicrobiota,-1.10990449,2.23286654,1.12296205
superkingdom,d__Bacteria,-43.58400966,99.13195352,55.54794386
order,o__Bacteroidales,-13.24968372,39.60270872,26.35302501
order,o__Oscillospirales,-7.464218248,12.83107606,5.366857815
order,o__RF39,-4.121619108,6.041585629,1.919966521
order,o__Christensenellales,-4.000754797,5.926659359,1.925904562
order,o__Enterobacterales,3.963482524,0.951235899,4.914718424
order,o__RFN20,-3.737821316,5.550054811,1.812233495
order,o__Lachnospirales,-3.31881466,7.403903957,4.085089297
order,o__TANB77,-1.865128243,2.622087061,0.756958818
order,o__Treponematales,-1.766782069,3.273630609,1.50684854
class,c__Clostridia,-17.11388614,30.38031755,13.26643141
class,c__Bacteroidia,-13.36578009,39.72559143,26.35981134
class,c__Bacilli,-8.275727611,13.38979455,5.114066936
class,c__Gammaproteobacteria,3.676114213,1.351709749,5.027823963
class,c__Spirochaetia,-2.632733136,4.688991831,2.056258695
phylum,p__Bacillota,-26.3679159,45.69114891,19.32323301
phylum,p__Bacteroidota,-13.36578009,39.72559143,26.35981134
phylum,p__Pseudomonadota,3.172758229,2.037731179,5.210489408
phylum,p__Spirochaetota,-2.635775315,4.694296121,2.058520806
superkingdom,d__Bacteria,-42.93554661,99.11506772,56.17952111
order,o__Bacteroidales,-11.31453639,30.17132171,18.85678532
order,o__Oscillospirales,-6.468918316,17.41971808,10.95079977
order,o__Lachnospirales,-4.954678621,10.51959542,5.564916802
order,o__Christensenellales,-4.920676134,7.09014498,2.169468846
order,o__RFN20,-4.081794083,5.809253785,1.727459702
order,o__RF39,-3.754965059,5.538798737,1.783833678
order,o__TANB77,-1.995397185,2.817156301,0.821759116
order,o__Treponematales,-1.560893039,2.760853391,1.199960352
order,o__RFP12,-1.126342858,1.882125837,0.755782979
class,c__Clostridia,-19.85690421,40.65673322,20.79982902
class,c__Bacteroidia,-11.38296515,30.25275985,18.8697947
class,c__Bacilli,-8.362659842,13.47348736,5.11082752
class,c__Spirochaetia,-2.336271853,4.045766222,1.709494369
class,c__Negativicutes,-1.306900274,2.454203615,1.147303342
class,c__Kiritimatiellia,-1.126033111,1.882125837,0.756092726
phylum,p__Bacillota,-29.51964988,56.5844242,27.06477432
phylum,p__Bacteroidota,-11.38296515,30.25275985,18.8697947
phylum,p__Spirochaetota,-2.341375067,4.051798677,1.71042361
phylum,p__Verrucomicrobiota,-1.352179117,2.22597575,0.873796632
superkingdom,d__Bacteria,-48.26169885,99.26404054,51.00234169
order,o__Bacteroidales,-10.14970971,32.65057732,22.5008676
order,o__Oscillospirales,-7.08848987,16.46815324,9.37966337
order,o__Christensenellales,-4.599821361,7.031931373,2.432110012
order,o__RF39,-3.868538559,5.71067807,1.842139511
order,o__Lachnospirales,-3.747439016,9.818278856,6.07083984
order,o__RFN20,-3.644454803,5.609143333,1.96468853
order,o__TANB77,-1.878396693,2.772028482,0.893631789
order,o__Treponematales,-1.498622334,2.849481262,1.350858928
class,c__Clostridia,-18.28338715,38.35800107,20.07461392
class,c__Bacteroidia,-10.21653338,32.72412491,22.50759153
class,c__Bacilli,-7.735335236,13.14874839,5.413413153
class,c__Spirochaetia,-2.206041045,4.15055779,1.944516745
class,c__Negativicutes,-1.244322561,2.477838091,1.23351553
phylum,p__Bacillota,-27.35351645,54.08091537,26.72739892
phylum,p__Bacteroidota,-10.21653338,32.72412491,22.50759153
phylum,p__Spirochaetota,-2.208861723,4.154462972,1.945601249
phylum,p__Verrucomicrobiota,-1.086986029,2.140690697,1.053704668
superkingdom,d__Bacteria,-44.1228219,98.99832077,54.87549887
order,o__Bacteroidales,-19.63478921,48.39691403,28.76212481
order,o__Christensenellales,-3.829468233,5.58884958,1.759381347
order,o__RFN20,-2.765821869,4.280294958,1.514473089
order,o__Lachnospirales,-2.615106681,6.036400835,3.421294155
order,o__Oscillospirales,-2.564363335,10.53748775,7.973124411
order,o__RF39,-2.178814947,3.252205788,1.073390841
order,o__Treponematales,-2.040963245,3.484932441,1.443969196
order,o__RFP12,-1.224954253,2.254805848,1.029851595
order,o__TANB77,-1.010856007,1.456885896,0.446029889
class,c__Bacteroidia,-19.72873255,48.50347385,28.7747413
class,c__Clostridia,-10.50248161,24.99808192,14.49560031
class,c__Bacilli,-4.987302203,8.945910234,3.958608031
class,c__Spirochaetia,-2.617870548,4.486594774,1.868724226
class,c__Kiritimatiellia,-1.229821742,2.259920719,1.030098978
class,c__Negativicutes,-1.126911305,2.078342782,0.951431476
phylum,p__Bacteroidota,-19.72873255,48.50347385,28.7747413
phylum,p__Bacillota,-16.61125272,36.02233494,19.41108222
phylum,p__Spirochaetota,-2.621995892,4.491709646,1.869713754
phylum,p__Pseudomonadota,-1.460773165,2.700652146,1.239878981
phylum,p__Verrucomicrobiota,-1.460187861,2.682750096,1.222562235
superkingdom,d__Bacteria,-44.65353157,99.13473424,54.48120267
order,o__Oscillospirales,-12.2157776,21.5604573,9.344679707
order,o__Bacteroidales,-7.968140812,26.03366407,18.06552326
order,o__Christensenellales,-4.921296873,7.893434725,2.972137852
order,o__Lachnospirales,-4.306364481,11.40915128,7.102786799
order,o__RF39,-4.209403872,6.106929868,1.897525996
order,o__RFN20,-3.413775175,5.044402198,1.630627023
order,o__Enterobacterales,2.471266886,1.042561872,3.513828758
order,o__TANB77,-1.9218164,2.871602559,0.949786159
order,o__Treponematales,-1.338079756,2.525239373,1.187159616
class,c__Clostridia,-24.4973253,46.19477938,21.69745408
class,c__Bacteroidia,-8.031120095,26.10658264,18.07546254
class,c__Bacilli,-7.687470572,12.77550631,5.088035735
class,c__Gammaproteobacteria,2.300060095,1.336840369,3.636900464
class,c__Spirochaetia,-2.011832038,3.727527627,1.715695589
class,c__Negativicutes,-1.195940966,2.44624426,1.250303294
phylum,p__Bacillota,-33.66334881,61.70820421,28.0448554
phylum,p__Bacteroidota,-8.031120095,26.10658264,18.07546254
phylum,p__Pseudomonadota,2.027627019,1.765670981,3.793298
phylum,p__Spirochaetota,-2.011539706,3.727527627,1.715987921
superkingdom,d__Bacteria,-44.68462828,99.00865474,54.32402646
order,o__Oscillospirales,-11.92454458,21.06959467,9.145050085
order,o__Bacteroidales,-8.217006644,27.54600365,19.32899701
order,o__Christensenellales,-5.052888277,8.189352437,3.13646416
order,o__RF39,-4.21732681,6.19000796,1.97268115
order,o__Lachnospirales,-3.414654498,10.23083766,6.816183166
order,o__Enterobacterales,3.317245402,1.095659503,4.412904904
order,o__RFN20,-3.086875314,4.729909007,1.643033693
order,o__TANB77,-1.885742327,2.828112563,0.942370235
order,o__Treponematales,-1.357901186,2.5089354,1.151034214
class,c__Clostridia,-23.79126931,45.07421454,21.28294523
class,c__Bacteroidia,-8.273712818,27.61155593,19.33784311
class,c__Bacilli,-7.366310202,12.6141312,5.247820996
class,c__Gammaproteobacteria,3.155467592,1.36801361,4.523481202
class,c__Spirochaetia,-2.05519405,3.76535406,1.71016001
class,c__Negativicutes,-1.069935073,2.242824367,1.172889294
phylum,p__Bacillota,-32.21892866,59.93117011,27.71224145
phylum,p__Bacteroidota,-8.273712818,27.61155593,19.33784311
phylum,p__Pseudomonadota,2.764265451,1.913502208,4.67776766
phylum,p__Spirochaetota,-2.054673691,3.76535406,1.710680369
superkingdom,d__Bacteria,-42.93214252,99.0924131,56.16027059
order,o__Bacteroidales,-11.75356301,39.82823245,28.07466944
order,o__Oscillospirales,-6.079199463,10.94796801,4.868768545
order,o__Christensenellales,-4.316194323,6.479650562,2.163456239
order,o__RFN20,-4.310523932,6.386683588,2.076159656
order,o__RF39,-3.464050637,5.136794263,1.672743626
order,o__Lachnospirales,-2.327669268,5.806746746,3.479077478
order,o__Treponematales,-1.841471414,3.817548623,1.976077209
order,o__RFP12,-1.317865853,2.564707966,1.246842112
order,o__Gastranaerophilales,-1.279374772,2.17218074,0.892805968
order,o__TANB77,-1.158933436,1.865242157,0.706308721
class,c__Clostridia,-14.96606591,27.31015554,12.34408962
class,c__Bacteroidia,-11.81250899,39.90349143,28.09098244
class,c__Bacilli,-7.997763071,13.3105097,5.312746624
class,c__Spirochaetia,-2.84423458,5.443732845,2.599498265
class,c__Kiritimatiellia,-1.317865853,2.564707966,1.246842112
class,c__Vampirovibrionia,-1.279374772,2.17218074,0.892805968
phylum,p__Bacillota,-23.82441217,42.41064841,18.58623624
phylum,p__Bacteroidota,-11.81250899,39.90349143,28.09098244
phylum,p__Spirochaetota,-2.852206794,5.452586843,2.600380049
phylum,p__Verrucomicrobiota,-1.657677982,3.112180149,1.454502167
phylum,p__Cyanobacteriota,-1.284989536,2.179559071,0.894569535
phylum,p__Pseudomonadota,-1.211024,2.456984328,1.245960329
superkingdom,d__Bacteria,-44.54825778,98.94637429,54.39811651
order,o__Bacteroidales,-15.53887527,47.05099423,31.51211896
order,o__Oscillospirales,-5.89834665,10.67350866,4.775162009
order,o__Christensenellales,-3.780435588,5.824246312,2.043810724
order,o__RFN20,-3.246615223,4.865298268,1.618683045
order,o__Lachnospirales,-2.318086878,5.958948044,3.640861166
order,o__RF39,-2.146203638,3.386786402,1.240582764
order,o__Treponematales,-1.864672641,3.442912123,1.578239482
order,o__RFP12,-1.636015642,2.921744708,1.285729066
class,c__Bacteroidia,-15.60193224,47.12957024,31.527638
class,c__Clostridia,-13.18420522,25.04169339,11.85748817
class,c__Bacilli,-5.338773476,9.559012187,4.220238711
class,c__Spirochaetia,-2.545970518,4.595894804,2.049924286
class,c__Kiritimatiellia,-1.636015642,2.921744708,1.285729066
class,c__Negativicutes,-1.132805469,2.13919179,1.006386321
phylum,p__Bacillota,-19.74295645,36.83130212,17.08834567
phylum,p__Bacteroidota,-15.60193224,47.12957024,31.527638
phylum,p__Spirochaetota,-2.562669483,4.613534317,2.050864834
phylum,p__Verrucomicrobiota,-1.972151437,3.531109686,1.558958249
superkingdom,d__Bacteria,-43.17775011,99.26074407,56.08299395
order,o__Lactobacillales,-29.97755269,65.33313399,35.3555813
order,o__Oscillospirales,-2.643556363,5.427058782,2.783502419
order,o__TANB77,-2.182391279,2.662081824,0.479690545
order,o__Lachnospirales,-2.010617261,6.135012488,4.124395227
order,o__RF39,-1.738619629,2.414078165,0.675458536
order,o__Bacteroidales,-1.098353276,3.833503359,2.735150084
order,o__Erysipelotrichales,-1.056869703,2.585570057,1.528700354
class,c__Bacilli,-32.87161164,70.57287086,37.70125922
class,c__Clostridia,-8.812240162,17.56076969,8.748529529
class,c__Bacteroidia,-1.103493644,3.862525064,2.75903142
class,c__Negativicutes,-1.03031465,2.332289725,1.301975075
phylum,p__Bacillota,-43.0246885,90.81419073,47.78950224
phylum,p__Bacteroidota,-1.103493644,3.862525064,2.75903142
phylum,p__Actinomycetota,-1.101699124,2.069335491,0.967636367
superkingdom,d__Bacteria,-45.58725054,99.25686847,53.66961793
order,o__Oscillospirales,-22.15189266,30.94989542,8.798002767
order,o__Bacteroidales,-10.8772676,32.31031417,21.43304658
order,o__Christensenellales,-3.977893427,6.663027079,2.685133652
order,o__Lachnospirales,-3.168625624,7.88327253,4.714646906
order,o__RFP12,-1.627368299,4.21073211,2.583363811
order,o__RF39,-1.216334282,1.336072861,0.119738579
class,c__Clostridia,-31.52246782,48.8087114,17.28624358
class,c__Bacteroidia,-10.87729805,32.32322487,21.44592682
class,c__Bacilli,-2.022373639,3.55671301,1.534339371
class,c__Kiritimatiellia,-1.626573222,4.21073211,2.584158888
class,c__Spirochaetia,-1.203908565,4.410294622,3.206386058
phylum,p__Bacillota,-34.60141862,53.98221275,19.38079412
phylum,p__Bacteroidota,-10.87729805,32.32322487,21.44592682
phylum,p__Verrucomicrobiota,-1.783793,4.472265975,2.688472975
phylum,p__Spirochaetota,-1.203749549,4.410294622,3.206545073
superkingdom,d__Bacteria,-49.85008817,99.37733545,49.52724728
order,o__Oscillospirales,-18.54781236,28.77833959,10.23052722
order,o__Lachnospirales,-11.0509309,21.64954059,10.59860968
order,o__Lactobacillales,-4.838302465,17.86766705,13.02936458
order,o__Enterobacterales,3.611060868,2.365030175,5.976091043
order,o__RF39,-2.991493321,3.478497254,0.487003933
order,o__Christensenellales,-2.74465171,4.320484242,1.575832532
order,o__TANB77,-2.34880719,2.600264593,0.251457403
order,o__Coriobacteriales,-1.878562341,3.196868374,1.318306033
order,o__Erysipelotrichales,-1.297916888,2.357056126,1.059139238
class,c__Clostridia,-36.09442373,60.19463926,24.10021553
class,c__Bacilli,-9.135884922,23.92069447,14.78480955
class,c__Gammaproteobacteria,3.64621274,2.428460103,6.074672843
class,c__Coriobacteriia,-1.884724105,3.203030138,1.318306033
phylum,p__Bacillota,-46.07706058,85.88557241,39.80851182
phylum,p__Pseudomonadota,3.601569465,2.494427228,6.095996693
phylum,p__Actinomycetota,-1.972961547,3.439714384,1.466752837
superkingdom,d__Bacteria,-46.6741169,99.30843256,52.63431565
order,o__Oscillospirales,-7.092013818,12.64429806,5.552284238
order,o__RF39,-4.987027311,6.728119138,1.741091826
order,o__Peptostreptococcales,-3.98852914,8.037347927,4.048818786
order,o__Erysipelotrichales,-3.186205768,4.286012063,1.099806295
order,o__Christensenellales,-3.009651651,5.582998885,2.573347234
order,o__Lactobacillales,-2.617973414,11.80721217,9.189238759
order,o__Clostridiales,-2.605467968,5.306396593,2.700928625
order,o__Lachnospirales,-2.458938787,5.647186498,3.188247711
order,o__TANB77,-2.448713448,3.103835044,0.655121596
order,o__Enterobacterales,2.416794476,0.948587045,3.365381521
order,o__Mycobacteriales,-1.92724094,4.495118102,2.567877161
order,o__Actinomycetales,-1.688791734,2.516220607,0.827428873
order,o__Saccharimonadales,-1.560706175,1.660937205,0.10023103
order,o__Gastranaerophilales,-1.49718839,2.575114396,1.077926006
order,o__Coriobacteriales,-1.461317679,2.475855201,1.014537521
order,o__Tissierellales,-1.314114411,1.527929883,0.213815472
order,o__Bacteroidales,-1.201160015,5.794090107,4.592930092
class,c__Clostridia,-24.04651164,43.19594758,19.14943594
class,c__Bacilli,-11.03076438,24.34894239,13.31817802
class,c__Actinomycetes,-4.199531104,8.455890868,4.256359763
class,c__Gammaproteobacteria,2.278632422,6.162010859,8.44064328
class,c__Saccharimonadia,-1.560706175,1.660937205,0.10023103
class,c__Vampirovibrionia,-1.500827894,2.5787539,1.077926006
class,c__Coriobacteriia,-1.475402136,2.49074408,1.015341944
class,c__Bacteroidia,-1.354831818,6.058450432,4.703618614
phylum,p__Bacillota,-35.62660041,68.37833635,32.75173594
phylum,p__Actinomycetota,-5.7539881,11.03662995,5.282641852
phylum,p__Pseudomonadota,2.127372911,6.484934108,8.612307019
phylum,p__Patescibacteriota,-1.930347738,2.038783876,0.108436139
phylum,p__Cyanobacteriota,-1.518078296,2.597613147,1.079534851
phylum,p__Bacteroidota,-1.354831818,6.058450432,4.703618614
superkingdom,d__Bacteria,-44.85826384,99.01567964,54.15741581
order,o__Oscillospirales,-10.71935406,21.39429656,10.6749425
order,o__Christensenellales,-9.441970709,15.66074915,6.218778438
order,o__Bacteroidales,-5.38321624,17.78448795,12.40127171
order,o__RFN20,-2.705599392,4.51659399,1.810994598
order,o__Clostridiales,-2.138277842,3.704683537,1.566405695
order,o__Treponematales,-1.660369108,4.870550457,3.210181349
order,o__RF39,-1.472407741,2.195807258,0.723399517
order,o__RFP12,-1.336363437,3.326096079,1.989732642
order,o__Lachnospirales,-1.203430882,6.954149866,5.750718984
order,o__Methanobacteriales,-1.196224507,2.42569651,1.229472003
class,c__Clostridia,-25.20359897,51.19049791,25.98689894
class,c__Bacteroidia,-5.619452882,18.04721852,12.42776564
class,c__Bacilli,-4.310493008,9.14448357,4.833990562
class,c__Spirochaetia,-2.270041996,6.264482111,3.994440114
class,c__Kiritimatiellia,-1.37741509,3.367147731,1.989732642
class,c__Methanobacteria,-1.196224507,2.42569651,1.229472003
phylum,p__Bacillota,-30.1963196,61.42056961,31.22425001
phylum,p__Bacteroidota,-5.619452882,18.04721852,12.42776564
phylum,p__Spirochaetota,-2.322713364,6.318305388,3.995592024
phylum,p__Verrucomicrobiota,-1.692037895,4.315897024,2.623859129
phylum,p__Methanobacteriota,-1.203522578,2.432994581,1.229472003
superkingdom,d__Bacteria,-42.90113135,96.33363134,53.43249999
superkingdom,d__Archaea,-2.221873448,3.666368662,1.444495214
order,o__Bacteroidales,-10.3204978,29.24798104,18.92748324
order,o__Oscillospirales,-8.508819655,14.8047774,6.295957749
order,o__Christensenellales,-3.634455166,5.886638794,2.252183628
order,o__Lachnospirales,-3.110236255,7.888572635,4.77833638
order,o__RF39,-2.836469794,3.973225837,1.136756043
order,o__TANB77,-2.22244265,4.155715044,1.933272395
order,o__RFN20,-1.766749762,3.042394694,1.275644932
order,o__Treponematales,-1.616042231,7.284587833,5.668545602
order,o__Sphaerochaetales,-1.494244104,3.181985319,1.687741215
order,o__Peptostreptococcales,-1.268010868,2.430919664,1.162908795
order,o__Lactobacillales,-1.095806804,3.548325593,2.452518789
class,c__Clostridia,-19.4564207,36.14035327,16.68393256
class,c__Bacteroidia,-10.33789028,29.27045173,18.93256145
class,c__Bacilli,-6.778859408,12.73406965,5.955210238
class,c__Spirochaetia,-3.118884514,10.47542524,7.356540727
class,c__Negativicutes,-1.522398525,2.876247804,1.353849279
phylum,p__Bacillota,-27.778845,51.78199349,24.00314849
phylum,p__Bacteroidota,-10.33789028,29.27045173,18.93256145
phylum,p__Spirochaetota,-3.118884514,10.47542524,7.356540727
superkingdom,d__Bacteria,-43.73319764,99.18084136,55.44764371
order,o__Christensenellales,-27.37117352,37.6115419,10.24036837
order,o__Enterobacterales,6.75236408,6.108470015,12.86083409
order,o__RFN20,-6.646427128,11.59925437,4.952827238
order,o__Sphaerochaetales,-6.340427128,17.00841597,10.66798884
order,o__Methanobacteriales,-3.639765751,5.712489384,2.072723633
order,o__Fusobacteriales,-2.008786728,3.708320005,1.699533277
order,o__Acholeplasmatales,-1.982319067,4.296224396,2.313905329
class,c__Clostridia,-27.68194572,40.36134611,12.67940039
class,c__Bacilli,-9.85139851,18.60557461,8.754176103
class,c__Gammaproteobacteria,6.511663328,6.382016523,12.89367985
class,c__Spirochaetia,-6.439844767,17.12754106,10.68769629
class,c__Methanobacteria,-3.639765751,5.712489384,2.072723633
class,c__Fusobacteriia,-2.008786728,3.708320005,1.699533277
phylum,p__Bacillota,-37.52302128,58.96692073,21.44389945
phylum,p__Spirochaetota,-6.570790154,17.25879926,10.68800911
phylum,p__Pseudomonadota,6.233820429,6.665490123,12.89931055
phylum,p__Methanobacteriota,-3.639765751,5.712489384,2.072723633
phylum,p__Fusobacteriota,-2.008786728,3.708320005,1.699533277
superkingdom,d__Bacteria,-44.60782069,92.67711585,48.06929516
superkingdom,d__Archaea,-5.230765881,7.322884151,2.09211827
order,o__Oscillospirales,-10.55380398,18.60542301,8.051619033
order,o__RF39,-7.467510648,10.25864664,2.791135992
order,o__Bacteroidales,-7.25869497,21.19343311,13.93473814
order,o__Christensenellales,-6.251075565,8.972746008,2.721670442
order,o__Lachnospirales,-3.762651453,7.422872977,3.660221524
order,o__TANB77,-2.906348174,3.922537222,1.016189048
order,o__Peptostreptococcales,-1.397219154,2.460654991,1.063435838
order,o__Sphaerochaetales,-1.342883555,3.335931892,1.993048337
order,o__RFN20,-1.099594582,1.92730725,0.827712668
class,c__Clostridia,-25.78893799,42.55976042,16.77082243
class,c__Bacilli,-9.658336633,16.09845707,6.440120441
class,c__Bacteroidia,-7.274154692,21.21195749,13.93780279
class,c__Spirochaetia,-1.687141701,6.109185776,4.422044075
class,c__Negativicutes,-1.563428201,3.112867497,1.549439296
class,c__Alphaproteobacteria,-1.122987975,1.46265408,0.339666106
phylum,p__Bacillota,-37.05258165,61.83977956,24.78719791
phylum,p__Bacteroidota,-7.274154692,21.21195749,13.93780279
phylum,p__Spirochaetota,-1.686120149,6.109185776,4.423065627
phylum,p__Pseudomonadota,-1.409951375,2.663651309,1.253699934
phylum,p__Verrucomicrobiota,-1.101835746,2.786375319,1.684539574
superkingdom,d__Bacteria,-50.59633161,98.45707361,47.860742
superkingdom,d__Archaea,-1.139668659,1.542926389,0.40325773
order,o__Oscillospirales,-14.8071123,22.51909311,7.711980803
order,o__RF39,-10.97423702,14.53869297,3.564455951
order,o__Bacteroidales,-7.731370203,20.49047539,12.75910519
order,o__Lachnospirales,-4.764221406,9.930011891,5.165790485
order,o__Christensenellales,-3.998601404,5.753070459,1.754469055
order,o__Peptostreptococcales,-1.873927196,3.650235023,1.776307827
order,o__RFN20,-1.276584942,2.097249156,0.820664214
order,o__TANB77,-1.113189931,1.251326742,0.138136811
order,o__RFP12,-1.062959402,2.099643276,1.036683875
class,c__Clostridia,-28.08484742,45.33984534,17.25499792
class,c__Bacilli,-13.40590829,19.89912774,6.493219456
class,c__Bacteroidia,-7.766501337,20.52718523,12.7606839
class,c__Negativicutes,-1.219342305,1.817935151,0.598592846
class,c__Kiritimatiellia,-1.062959402,2.099643276,1.036683875
phylum,p__Bacillota,-42.88425933,67.27237904,24.38811971
phylum,p__Bacteroidota,-7.766501337,20.52718523,12.7606839
phylum,p__Verrucomicrobiota,-1.172986975,2.3454396,1.172452626
superkingdom,d__Bacteria,-53.42305784,97.81496644,44.3919086
superkingdom,d__Archaea,-1.687741039,2.185033558,0.497292519
order,o__Oscillospirales,-22.58719344,36.59766402,14.01047058
order,o__Bacteroidales,-11.014149,27.89486124,16.88071224
order,o__Lachnospirales,-4.411153284,10.34744244,5.936289154
order,o__Christensenellales,-3.222604653,5.051111855,1.828507202
order,o__RF39,2.480404626,0,2.480404626
order,o__Peptostreptococcales,-1.848512157,5.138760316,3.290248159
order,o__Methanomassiliicoccales,-1.564471746,2.089775659,0.525303913
order,o__Methanobacteriales,-1.071261735,1.696834807,0.625573072
order,o__Enterobacterales,1.030104024,2.872702921,3.902806945
class,c__Clostridia,-32.8993848,59.33997755,26.44059274
class,c__Bacteroidia,-11.021036,27.90766382,16.88662782
class,c__Bacilli,2.259982464,0.723838412,2.983820876
class,c__Thermoplasmata,-1.582198401,2.107502314,0.525303913
class,c__Methanobacteria,-1.071261735,1.696834807,0.625573072
phylum,p__Bacillota,-30.78869547,60.56508637,29.7763909
phylum,p__Bacteroidota,-11.021036,27.90766382,16.88662782
phylum,p__Verrucomicrobiota,-1.602766572,3.358216305,1.755449732
phylum,p__Thermoplasmatota,-1.588107286,2.113411199,0.525303913
phylum,p__Methanobacteriota,-1.101790974,1.727364046,0.625573072
superkingdom,d__Bacteria,-43.34120741,95.92483898,52.58363158
superkingdom,d__Archaea,-2.923692473,4.075161017,1.151468544
order,o__Oscillospirales,-12.84903682,17.54839799,4.699361173
order,o__Bacteroidales,-10.89381227,25.06639851,14.17258625
order,o__Christensenellales,-4.993522459,6.703563259,1.7100408
order,o__RFP12,-3.350838471,5.705666518,2.354828048
order,o__Lachnospirales,-3.201804361,7.111165697,3.909361336
order,o__RF39,-2.933056537,3.591660654,0.658604117
order,o__Treponematales,-1.953869325,7.812763867,5.858894542
order,o__Sphaerochaetales,-1.734185413,2.7956461,1.061460687
order,o__Peptostreptococcales,-1.708174755,2.588390623,0.880215868
order,o__Rs-D84,-1.653490149,2.237591538,0.584101389
order,o__RFN20,-1.592897985,2.52621398,0.933315995
order,o__TANB77,-1.153723128,1.236624346,0.082901218
order,o__Opitutales,-1.015336822,1.931314,0.915977178
class,c__Clostridia,-24.62294444,36.19525001,11.57230557
class,c__Bacteroidia,-10.90835182,25.08635645,14.17800463
class,c__Bacilli,-5.64190686,9.263552205,3.621645345
class,c__Spirochaetia,-3.724855012,10.646023,6.921167986
class,c__Kiritimatiellia,-3.355940842,5.711039808,2.355098967
class,c__Alphaproteobacteria,-2.343304072,3.001366351,0.658062279
class,c__Verrucomicrobiia,-1.377386805,2.943027772,1.565640967
phylum,p__Bacillota,-31.42616464,47.07769778,15.65153313
phylum,p__Bacteroidota,-10.90835182,25.08635645,14.17800463
phylum,p__Verrucomicrobiota,-4.816321856,8.882816218,4.066494362
phylum,p__Spirochaetota,-3.730228302,10.65139629,6.921167986
phylum,p__Pseudomonadota,-2.138355976,3.183290603,1.044934627
superkingdom,d__Bacteria,-55.16794677,98.80866481,43.64071804
order,o__Oscillospirales,-9.428214648,14.87397628,5.44576163
order,o__Bacteroidales,-6.308059029,20.32441401,14.01635498
order,o__RF39,-5.27543171,6.832462581,1.557030871
order,o__Christensenellales,-3.617888006,5.623411466,2.005523459
order,o__Lachnospirales,-3.310690718,7.300197684,3.989506966
order,o__Lactobacillales,-2.146464899,8.209192319,6.06272742
order,o__Sphaerochaetales,-1.839431011,3.274145722,1.434714711
order,o__RFP12,-1.77133881,2.995269698,1.223930888
order,o__Methanobacteriales,-1.716083386,2.972324202,1.256240817
order,o__RFN20,-1.634280669,2.700508331,1.066227662
order,o__Peptostreptococcales,-1.570278916,2.951143745,1.380864829
order,o__TANB77,-1.469197973,1.911536289,0.442338316
class,c__Clostridia,-20.72048275,35.34841853,14.62793578
class,c__Bacilli,-10.13858341,19.84079356,9.702210153
class,c__Bacteroidia,-6.362685337,20.3844253,14.02173997
class,c__Spirochaetia,-2.754901312,6.883648687,4.128747375
class,c__Kiritimatiellia,-1.77133881,2.995269698,1.223930888
class,c__Methanobacteria,-1.716083386,2.972324202,1.256240817
class,c__Alphaproteobacteria,-1.598128488,1.975077662,0.376949173
class,c__Negativicutes,-1.232484963,1.913301327,0.680816364
phylum,p__Bacillota,-32.24836989,57.27548715,25.02711726
phylum,p__Bacteroidota,-6.362685337,20.3844253,14.02173997
phylum,p__Spirochaetota,-2.769021617,6.897768992,4.128747375
phylum,p__Verrucomicrobiota,-1.99933406,3.507130754,1.507796694
phylum,p__Methanobacteriota,-1.740793919,2.997034736,1.256240817
superkingdom,d__Bacteria,-47.78767203,95.60329003,47.815618
superkingdom,d__Archaea,-2.928146761,4.396709969,1.468563208
order,o__Oscillospirales,-9.050945013,16.09322974,7.042284732
order,o__Lactobacillales,-6.502001865,12.9619353,6.459933433
order,o__Bacteroidales,-5.266295084,17.4291939,12.16289882
order,o__Christensenellales,-3.591210776,6.141324454,2.550113678
order,o__RF39,-3.065061343,4.293583261,1.228521918
order,o__Clostridiales,-2.311158424,4.841328565,2.530170141
order,o__Peptostreptococcales,-2.05382436,3.685205738,1.631381378
order,o__Methanobacteriales,-1.953789884,4.089077979,2.135288095
order,o__TANB77,-1.532120202,2.118017018,0.585896817
order,o__Lachnospirales,-1.36939359,6.653101492,5.283707903
order,o__RFN20,-1.182178782,2.183787561,1.001608779
order,o__RFP12,-1.101491481,2.235170798,1.133679317
order,o__Enterobacterales,1.018698368,0.510749373,1.529447741
class,c__Clostridia,-20.443273,40.1940231,19.7507501
class,c__Bacilli,-11.73355143,21.67961524,9.94606381
class,c__Bacteroidia,-5.304581916,17.47235582,12.1677739
class,c__Methanobacteria,-1.953789884,4.089077979,2.135288095
class,c__Spirochaetia,-1.509936831,5.090023431,3.580086599
class,c__Kiritimatiellia,-1.101491481,2.235170798,1.133679317
phylum,p__Bacillota,-32.99248087,63.35142023,30.35893936
phylum,p__Bacteroidota,-5.304581916,17.47235582,12.1677739
phylum,p__Methanobacteriota,-1.960983537,4.096271632,2.135288095
phylum,p__Spirochaetota,-1.509050452,5.090023431,3.580972979
phylum,p__Verrucomicrobiota,-1.282366413,2.744892506,1.462526093
superkingdom,d__Bacteria,-43.31415299,94.76404818,51.44989519
superkingdom,d__Archaea,-2.893250936,5.235951823,2.342700887
order,o__Oscillospirales,-10.01580022,18.17786929,8.162069065
order,o__Methanobacteriales,-4.45074645,9.895141043,5.444394593
order,o__Christensenellales,-4.117778625,8.181083687,4.063305063
order,o__Bacteroidales,-3.521721955,14.59250958,11.07078762
order,o__RFN20,-2.956859322,4.068388543,1.111529221
order,o__Lactobacillales,-2.705678749,6.247230837,3.541552088
order,o__Treponematales,-2.173329535,6.846673095,4.673343561
order,o__Peptostreptococcales,-2.082418301,4.114432658,2.032014357
order,o__Clostridiales,-1.876482125,3.646172691,1.769690566
order,o__RF39,-1.608739112,2.658396101,1.049656989
order,o__RFP12,-1.226052212,2.444681905,1.218629693
order,o__Lachnospirales,-1.206420643,4.913689002,3.707268359
order,o__Enterobacterales,1.171619825,0.439590989,1.611210814
class,c__Clostridia,-20.54432671,40.76207355,20.21774684
class,c__Bacilli,-8.344658016,15.29533391,6.950675891
class,c__Methanobacteria,-4.45074645,9.895141043,5.444394593
class,c__Bacteroidia,-3.569072016,14.64637251,11.07730049
class,c__Spirochaetia,-3.081956351,8.714500421,5.63254407
class,c__Kiritimatiellia,-1.240821079,2.459450772,1.218629693
class,c__Gammaproteobacteria,1.085520668,0.571642037,1.657162706
phylum,p__Bacillota,-29.73906863,57.4230933,27.68402466
phylum,p__Methanobacteriota,-4.462909046,9.907303639,5.444394593
phylum,p__Bacteroidota,-3.569072016,14.64637251,11.07730049
phylum,p__Spirochaetota,-3.081594525,8.714500421,5.632905896
phylum,p__Verrucomicrobiota,-1.518767682,3.111887201,1.593119518
superkingdom,d__Bacteria,-39.64403809,89.26737731,49.62333922
superkingdom,d__Archaea,-5.115637134,10.73262269,5.616985556
order,o__Oscillospirales,-10.48100794,16.48130058,6.000292642
order,o__Bacteroidales,-7.072337501,21.40955898,14.33722147
order,o__Lactobacillales,-4.187146782,7.786271856,3.599125075
order,o__Christensenellales,-4.097124141,5.888995438,1.791871297
order,o__Clostridiales,-3.528395535,7.055860765,3.52746523
order,o__Lachnospirales,-3.1761257,6.970720822,3.794595122
order,o__Peptostreptococcales,-2.8224786,5.332449073,2.509970473
order,o__Enterobacterales,2.28954671,1.200025094,3.489571804
order,o__RFP12,-1.983228188,3.575877614,1.592649426
order,o__RFN20,-1.624346119,2.6178292,0.993483081
order,o__Methanobacteriales,-1.15842905,2.032604117,0.874175068
order,o__RF39,-1.153383806,1.734166211,0.580782405
class,c__Clostridia,-24.67869667,42.44808704,17.76939037
class,c__Bacilli,-8.704465294,16.34955772,7.645092426
class,c__Bacteroidia,-7.082612206,21.42658696,14.34397476
class,c__Gammaproteobacteria,2.218041238,1.328183114,3.546224352
class,c__Kiritimatiellia,-1.983228188,3.575877614,1.592649426
class,c__Spirochaetia,-1.489673743,4.236384331,2.746710588
class,c__Methanobacteria,-1.15842905,2.032604117,0.874175068
phylum,p__Bacillota,-33.94897669,59.77540979,25.8264331
phylum,p__Bacteroidota,-7.082612206,21.42658696,14.34397476
phylum,p__Verrucomicrobiota,-2.196987845,4.057142345,1.8601545
phylum,p__Pseudomonadota,1.65941929,2.017368548,3.676787838
phylum,p__Spirochaetota,-1.489673743,4.236384331,2.746710588
phylum,p__Methanobacteriota,-1.201447126,2.075622194,0.874175068
phylum,p__Actinomycetota,-1.069500154,2.193921904,1.12442175
superkingdom,d__Bacteria,-46.24578816,97.33287925,51.0870911
superkingdom,d__Archaea,-1.681891679,2.667120746,0.985229068
order,o__Oscillospirales,-9.965083058,15.8210916,5.856008546
order,o__Bacteroidales,-5.968016684,21.07130061,15.10328393
order,o__Lactobacillales,-4.461644333,12.48656396,8.024919622
order,o__Lachnospirales,-4.35128614,7.748716111,3.397429971
order,o__Clostridiales,-3.445611793,6.704884749,3.259272955
order,o__Christensenellales,-3.292021574,4.85489072,1.562869146
order,o__RF39,-3.208846773,4.495401887,1.286555114
order,o__Peptostreptococcales,-2.157203947,4.386719217,2.229515269
order,o__Enterobacterales,1.106860732,0.520721366,1.627582098
order,o__RFP12,-1.062355925,1.98734026,0.924984335
class,c__Clostridia,-24.84204651,41.42242924,16.58038273
class,c__Bacilli,-9.881268573,21.62307417,11.74180559
class,c__Bacteroidia,-6.030263754,21.1417652,15.11150144
class,c__Spirochaetia,-1.16945177,3.163740595,1.994288825
class,c__Kiritimatiellia,-1.082659281,2.007643616,0.924984335
class,c__Gammaproteobacteria,1.000513473,0.711811776,1.712325249
phylum,p__Bacillota,-35.87961393,64.9958199,29.11620597
phylum,p__Bacteroidota,-6.030263754,21.1417652,15.11150144
phylum,p__Verrucomicrobiota,-1.203750227,2.293084916,1.089334689
phylum,p__Spirochaetota,-1.16842458,3.163740595,1.995316015
phylum,p__Actinomycetota,-1.123314868,2.033918548,0.910603679
superkingdom,d__Bacteria,-46.69335159,97.57673474,50.88338315
superkingdom,d__Archaea,-1.683688665,2.423265257,0.739576592
order,o__Oscillospirales,-10.35097511,14.82479153,4.473816417
order,o__Christensenellales,-7.025004244,9.138128923,2.11312468
order,o__Bacteroidales,-6.797131148,18.68734189,11.89021074
order,o__RF39,-4.827884227,5.713014148,0.885129921
order,o__Clostridiales,-3.238092546,6.627119835,3.389027289
order,o__Peptostreptococcales,-2.474289391,4.671835473,2.197546082
order,o__Lachnospirales,-2.402808301,5.279092102,2.876283801
order,o__RFP12,-1.946303052,3.681603111,1.735300059
order,o__Enterobacterales,1.869780678,1.408929073,3.278709751
order,o__Methanobacteriales,-1.551061791,2.981823292,1.430761502
order,o__RFN20,-1.318256279,1.984563853,0.666307574
order,o__Opitutales,-1.29124678,2.344701583,1.053454803
order,o__TANB77,-1.097866152,1.204558231,0.106692079
order,o__Gastranaerophilales,-1.070816382,1.530731753,0.459915371
order,o__Sphaerochaetales,-1.05371529,2.422585028,1.368869737
order,o__Treponematales,-1.041661804,4.039398482,2.997736678
class,c__Clostridia,-27.08853331,42.30769231,15.219159
class,c__Bacilli,-7.9693158,12.68914551,4.719829707
class,c__Bacteroidia,-6.821784455,18.72364846,11.901864
class,c__Spirochaetia,-2.26227019,6.628876605,4.366606415
class,c__Kiritimatiellia,-1.945526168,3.681603111,1.736076943
class,c__Gammaproteobacteria,1.77587699,1.596317811,3.372194801
class,c__Methanobacteria,-1.551061791,2.981823292,1.430761502
class,c__Verrucomicrobiia,-1.300068323,2.373981074,1.073912751
class,c__Alphaproteobacteria,-1.225744348,1.47978544,0.254041092
class,c__Vampirovibrionia,-1.070816382,1.530731753,0.459915371
phylum,p__Bacillota,-35.79179285,56.06846716,20.27667431
phylum,p__Bacteroidota,-6.821784455,18.72364846,11.901864
phylum,p__Verrucomicrobiota,-3.302924685,6.282793029,2.979868344
phylum,p__Spirochaetota,-2.266436985,6.633561323,4.367124338
phylum,p__Methanobacteriota,-1.555160919,2.985922421,1.430761502
phylum,p__Cyanobacteriota,-1.069780536,1.530731753,0.460951217
superkingdom,d__Bacteria,-50.70893829,95.71875293,45.00981464
superkingdom,d__Archaea,-2.611723198,4.281247072,1.669523874
order,o__Oscillospirales,-10.89965752,16.64033848,5.74068096
order,o__Bacteroidales,-8.646697583,25.47737162,16.83067403
order,o__RF39,-3.858915514,5.003279476,1.144363962
order,o__Christensenellales,-3.783364102,5.105820839,1.322456737
order,o__Lachnospirales,-3.594499159,7.977902798,4.383403639
order,o__RFN20,-2.046681042,2.997718224,0.951037182
order,o__Lactobacillales,-1.877396709,3.820820516,1.943423806
order,o__Peptostreptococcales,-1.844113543,3.333056195,1.488942651
order,o__Clostridiales,-1.657579034,2.982937487,1.325358453
order,o__Treponematales,-1.565814761,4.618056518,3.052241756
order,o__Sphaerochaetales,-1.538816585,2.767693004,1.22887642
order,o__Methanobacteriales,-1.530190486,2.732588754,1.202398268
order,o__RFP12,-1.369669354,2.37692727,1.007257915
order,o__Enterobacterales,1.083031967,0.582915316,1.665947283
class,c__Clostridia,-23.25206972,37.79619211,14.54412239
class,c__Bacilli,-9.415266592,14.72069026,5.305423669
class,c__Bacteroidia,-8.794743094,25.63811213,16.84336904
class,c__Spirochaetia,-3.179096113,7.460577003,4.28148089
class,c__Methanobacteria,-1.530190486,2.732588754,1.202398268
class,c__Kiritimatiellia,-1.369669354,2.37692727,1.007257915
phylum,p__Bacillota,-33.39144933,53.74553114,20.35408181
phylum,p__Bacteroidota,-8.794743094,25.63811213,16.84336904
phylum,p__Spirochaetota,-3.178370684,7.460577003,4.282206319
phylum,p__Verrucomicrobiota,-1.551268194,2.803721051,1.252452856
phylum,p__Methanobacteriota,-1.544047427,2.746445695,1.202398268
superkingdom,d__Bacteria,-49.89737466,95.99257268,46.09519802
superkingdom,d__Archaea,-2.624759991,4.00742732,1.382667329