domain,query_name,f_unique_weighted,total_weighted_hashes,source_file
Eukaryota,SRR16235702,0.002580522710972211,14246726,SRR16235702.k31.s10k.gather.with-lineages.csv
d__Archaea,SRR16235702,1.0037393854559988e-05,3287706,SRR16235702.k31.s10k.gather.with-lineages.csv
d__Bacteria,SRR16235702,0.4214044686477306,3095923150,SRR16235702.k31.s10k.gather.with-lineages.csv
plasmids,SRR16235702,0.4109299919153354,1095902,SRR16235702.k31.s10k.gather.with-lineages.csv
vOTUs,SRR16235702,0.0841425601924259,1095902,SRR16235702.k31.s10k.gather.with-lineages.csv
Eukaryota,SRR11125386,0.00023853855379371659,452757,SRR11125386.k31.s10k.gather.with-lineages.csv
d__Archaea,SRR11125386,0.00200107342349192,2263785,SRR11125386.k31.s10k.gather.with-lineages.csv
d__Bacteria,SRR11125386,0.5439407894300616,480978853,SRR11125386.k31.s10k.gather.with-lineages.csv
plasmids,SRR11125386,0.1221980002517907,150919,SRR11125386.k31.s10k.gather.with-lineages.csv
vOTUs,SRR11125386,0.1778371179241845,150919,SRR11125386.k31.s10k.gather.with-lineages.csv
Eukaryota,SRR11183692,0.0005613714095618412,288579,SRR11183692.k31.s10k.gather.with-lineages.csv
d__Archaea,SRR11183692,0.14412691152162782,2981983,SRR11183692.k31.s10k.gather.with-lineages.csv
d__Bacteria,SRR11183692,0.39642177705236475,192963158,SRR11183692.k31.s10k.gather.with-lineages.csv
plasmids,SRR11183692,0.0543386732922354,96193,SRR11183692.k31.s10k.gather.with-lineages.csv
vOTUs,SRR11183692,0.1491792542076866,96193,SRR11183692.k31.s10k.gather.with-lineages.csv
Eukaryota,ERR3211890,0.008180002743943976,8199875,ERR3211890.k31.s10k.gather.with-lineages.csv
d__Archaea,ERR3211890,0.0008536715498710235,9183860,ERR3211890.k31.s10k.gather.with-lineages.csv
d__Bacteria,ERR3211890,0.48669339471635553,1868587515,ERR3211890.k31.s10k.gather.with-lineages.csv
plasmids,ERR3211890,0.0632997454229485,327995,ERR3211890.k31.s10k.gather.with-lineages.csv
vOTUs,ERR3211890,0.172280065244897,327995,ERR3211890.k31.s10k.gather.with-lineages.csv
Eukaryota,SRR14369246,0.03839314897002229,27728619,SRR14369246.k31.s10k.gather.with-lineages.csv
d__Archaea,SRR14369246,0.006004518292093466,17999279,SRR14369246.k31.s10k.gather.with-lineages.csv
d__Bacteria,SRR14369246,0.5492685012549403,2124887856,SRR14369246.k31.s10k.gather.with-lineages.csv
plasmids,SRR14369246,0.0823529653604458,486467,SRR14369246.k31.s10k.gather.with-lineages.csv
vOTUs,SRR14369246,0.1536301537411581,486467,SRR14369246.k31.s10k.gather.with-lineages.csv
Eukaryota,ERR1135459,0.0006138850614152816,3730340,ERR1135459.k31.s10k.gather.with-lineages.csv
d__Archaea,ERR1135459,0.0021713838416871876,13802258,ERR1135459.k31.s10k.gather.with-lineages.csv
d__Bacteria,ERR1135459,0.4736940868660477,2265435482,ERR1135459.k31.s10k.gather.with-lineages.csv
plasmids,ERR1135459,0.0503600208023933,373034,ERR1135459.k31.s10k.gather.with-lineages.csv
vOTUs,ERR1135459,0.1431531710246251,373034,ERR1135459.k31.s10k.gather.with-lineages.csv
Eukaryota,SRR8960591,0.00028191114479852954,3760050,SRR8960591.k31.s10k.gather.with-lineages.csv
d__Archaea,SRR8960591,0.0018350819802927531,8648115,SRR8960591.k31.s10k.gather.with-lineages.csv
d__Bacteria,SRR8960591,0.5281658488583625,1749927270,SRR8960591.k31.s10k.gather.with-lineages.csv
plasmids,SRR8960591,0.117195250063164,376005,SRR8960591.k31.s10k.gather.with-lineages.csv
vOTUs,SRR8960591,0.1724179199744684,376005,SRR8960591.k31.s10k.gather.with-lineages.csv
Eukaryota,ERR1135178,0.0023345360480556687,4043630,ERR1135178.k31.s10k.gather.with-lineages.csv
d__Archaea,ERR1135178,0.002072395347744412,9300349,ERR1135178.k31.s10k.gather.with-lineages.csv
d__Bacteria,ERR1135178,0.540833360124415,2041224424,ERR1135178.k31.s10k.gather.with-lineages.csv
plasmids,ERR1135178,0.0891847176917769,404363,ERR1135178.k31.s10k.gather.with-lineages.csv
vOTUs,ERR1135178,0.1727136261230626,404363,ERR1135178.k31.s10k.gather.with-lineages.csv
Eukaryota,SRR11183691,0.00024213309572003103,309747,SRR11183691.k31.s10k.gather.with-lineages.csv
d__Archaea,SRR11183691,0.0052203895437240464,2890972,SRR11183691.k31.s10k.gather.with-lineages.csv
d__Bacteria,SRR11183691,0.5097289077860049,260084231,SRR11183691.k31.s10k.gather.with-lineages.csv
plasmids,SRR11183691,0.0627899543821247,103249,SRR11183691.k31.s10k.gather.with-lineages.csv
vOTUs,SRR11183691,0.1345678892773779,103249,SRR11183691.k31.s10k.gather.with-lineages.csv
Eukaryota,SRR11124921,0.0004981866007731194,401456,SRR11124921.k31.s10k.gather.with-lineages.csv
d__Archaea,SRR11124921,0.02347455262843216,2609464,SRR11124921.k31.s10k.gather.with-lineages.csv
d__Bacteria,SRR11124921,0.5081901877166904,195408708,SRR11124921.k31.s10k.gather.with-lineages.csv
plasmids,SRR11124921,0.0979434857120083,100364,SRR11124921.k31.s10k.gather.with-lineages.csv
vOTUs,SRR11124921,0.2262962815352118,100364,SRR11124921.k31.s10k.gather.with-lineages.csv
Eukaryota,SRR11184094,0.00039278651019520916,725585,SRR11184094.k31.s10k.gather.with-lineages.csv
d__Archaea,SRR11184094,0.00274950557136638,2176755,SRR11184094.k31.s10k.gather.with-lineages.csv
d__Bacteria,SRR11184094,0.5416181426021465,482078674,SRR11184094.k31.s10k.gather.with-lineages.csv
plasmids,SRR11184094,0.0835394888262574,145117,SRR11184094.k31.s10k.gather.with-lineages.csv
vOTUs,SRR11184094,0.1939814081051841,145117,SRR11184094.k31.s10k.gather.with-lineages.csv
Eukaryota,SRR14369156,0.10275219875343868,72794997,SRR14369156.k31.s10k.gather.with-lineages.csv
d__Archaea,SRR14369156,0.005444014236307377,36765150,SRR14369156.k31.s10k.gather.with-lineages.csv
d__Bacteria,SRR14369156,0.452692291477092,3766221966,SRR14369156.k31.s10k.gather.with-lineages.csv
plasmids,SRR14369156,0.0513366598531489,735303,SRR14369156.k31.s10k.gather.with-lineages.csv
vOTUs,SRR14369156,0.1911864904671951,735303,SRR14369156.k31.s10k.gather.with-lineages.csv
Eukaryota,SRR11125535,0.0002370153305824723,464105,SRR11125535.k31.s10k.gather.with-lineages.csv
d__Archaea,SRR11125535,0.028032449553441197,1206673,SRR11125535.k31.s10k.gather.with-lineages.csv
d__Bacteria,SRR11125535,0.4666077719481361,198172835,SRR11125535.k31.s10k.gather.with-lineages.csv
plasmids,SRR11125535,0.1580461318020706,92821,SRR11125535.k31.s10k.gather.with-lineages.csv
vOTUs,SRR11125535,0.1703170618717747,92821,SRR11125535.k31.s10k.gather.with-lineages.csv
Eukaryota,ERR1135432,0.0008435395816639958,4822536,ERR1135432.k31.s10k.gather.with-lineages.csv
d__Archaea,ERR1135432,0.003478667655357907,25720192,ERR1135432.k31.s10k.gather.with-lineages.csv
d__Bacteria,ERR1135432,0.4895639970338958,2465923408,ERR1135432.k31.s10k.gather.with-lineages.csv
plasmids,ERR1135432,0.0439188012282334,401878,ERR1135432.k31.s10k.gather.with-lineages.csv
vOTUs,ERR1135432,0.1443348478891604,401878,ERR1135432.k31.s10k.gather.with-lineages.csv
Eukaryota,ERR1135447,0.0009545601786439777,2901860,ERR1135447.k31.s10k.gather.with-lineages.csv
d__Archaea,ERR1135447,0.004872736796399298,12477998,ERR1135447.k31.s10k.gather.with-lineages.csv
d__Bacteria,ERR1135447,0.4500699551321949,1571647376,ERR1135447.k31.s10k.gather.with-lineages.csv
plasmids,ERR1135447,0.0447747306899712,290186,ERR1135447.k31.s10k.gather.with-lineages.csv
vOTUs,ERR1135447,0.1281040436134065,290186,ERR1135447.k31.s10k.gather.with-lineages.csv
Eukaryota,SRR11125310,0.0003467550660913425,432582,SRR11125310.k31.s10k.gather.with-lineages.csv
d__Archaea,SRR11125310,3.467550660915156e-05,432582,SRR11125310.k31.s10k.gather.with-lineages.csv
d__Bacteria,SRR11125310,0.5042234767049694,377499892,SRR11125310.k31.s10k.gather.with-lineages.csv
plasmids,SRR11125310,0.3035701901604782,144194,SRR11125310.k31.s10k.gather.with-lineages.csv
vOTUs,SRR11125310,0.0842614810602382,144194,SRR11125310.k31.s10k.gather.with-lineages.csv
Eukaryota,SRR17241657,0.005186106115375576,302473564,SRR17241657.k31.s10k.gather.with-lineages.csv
d__Archaea,SRR17241657,0.005843790037796309,82995795,SRR17241657.k31.s10k.gather.with-lineages.csv
d__Bacteria,SRR17241657,0.5483560341821837,13707216632,SRR17241657.k31.s10k.gather.with-lineages.csv
plasmids,SRR17241657,0.0834667587677183,1844351,SRR17241657.k31.s10k.gather.with-lineages.csv
vOTUs,SRR17241657,0.1218265937448999,1844351,SRR17241657.k31.s10k.gather.with-lineages.csv
Eukaryota,SRR11183588,0.001972472092771122,276810,SRR11183588.k31.s10k.gather.with-lineages.csv
d__Archaea,SRR11183588,0.010198330985152017,1845400,SRR11183588.k31.s10k.gather.with-lineages.csv
d__Bacteria,SRR11183588,0.6108702720277281,123088180,SRR11183588.k31.s10k.gather.with-lineages.csv
plasmids,SRR11183588,0.1743253495177197,92270,SRR11183588.k31.s10k.gather.with-lineages.csv
vOTUs,SRR11183588,0.0868429608756909,92270,SRR11183588.k31.s10k.gather.with-lineages.csv
Eukaryota,SRR11183590,0.0004994372537984495,426480,SRR11183590.k31.s10k.gather.with-lineages.csv
d__Archaea,SRR11183590,0.01410382667416969,4122640,SRR11183590.k31.s10k.gather.with-lineages.csv
d__Bacteria,SRR11183590,0.5614940911648573,377719120,SRR11183590.k31.s10k.gather.with-lineages.csv
plasmids,SRR11183590,0.0723621271806415,142160,SRR11183590.k31.s10k.gather.with-lineages.csv
vOTUs,SRR11183590,0.1250422059651097,142160,SRR11183590.k31.s10k.gather.with-lineages.csv
Eukaryota,ERR1135262,0.001211937994121023,4816253,ERR1135262.k31.s10k.gather.with-lineages.csv
d__Archaea,ERR1135262,0.0019056307880833676,13337316,ERR1135262.k31.s10k.gather.with-lineages.csv
d__Bacteria,ERR1135262,0.4198703847160616,1906495226,ERR1135262.k31.s10k.gather.with-lineages.csv
plasmids,ERR1135262,0.0542915831041267,370481,ERR1135262.k31.s10k.gather.with-lineages.csv
vOTUs,ERR1135262,0.1098005025898764,370481,ERR1135262.k31.s10k.gather.with-lineages.csv
Eukaryota,SRR8960345,0.000272396063876877,2466996,SRR8960345.k31.s10k.gather.with-lineages.csv
d__Archaea,SRR8960345,0.0003234703258537451,5638848,SRR8960345.k31.s10k.gather.with-lineages.csv
d__Bacteria,SRR8960345,0.535865481743758,1776237120,SRR8960345.k31.s10k.gather.with-lineages.csv
plasmids,SRR8960345,0.108765478338838,352428,SRR8960345.k31.s10k.gather.with-lineages.csv
vOTUs,SRR8960345,0.1918547901982816,352428,SRR8960345.k31.s10k.gather.with-lineages.csv
Eukaryota,SRR11124704,0.00023729859281928153,632115,SRR11124704.k31.s10k.gather.with-lineages.csv
d__Archaea,SRR11124704,0.00804442229657545,3160575,SRR11124704.k31.s10k.gather.with-lineages.csv
d__Bacteria,SRR11124704,0.5436352562429019,316942461,SRR11124704.k31.s10k.gather.with-lineages.csv
plasmids,SRR11124704,0.1141880828646686,126423,SRR11124704.k31.s10k.gather.with-lineages.csv
vOTUs,SRR11124704,0.1779264848959445,126423,SRR11124704.k31.s10k.gather.with-lineages.csv
Eukaryota,SRR11125005,0.0002658845899736456,248228,SRR11125005.k31.s10k.gather.with-lineages.csv
d__Archaea,SRR11125005,0.006195916657266531,2482280,SRR11125005.k31.s10k.gather.with-lineages.csv
d__Bacteria,SRR11125005,0.5695650772676386,395923660,SRR11125005.k31.s10k.gather.with-lineages.csv
plasmids,SRR11125005,0.0795478350548689,124114,SRR11125005.k31.s10k.gather.with-lineages.csv
vOTUs,SRR11125005,0.1436582496736871,124114,SRR11125005.k31.s10k.gather.with-lineages.csv
Eukaryota,SRR11126500,0.0003030009211227441,330032,SRR11126500.k31.s10k.gather.with-lineages.csv
d__Archaea,SRR11126500,1.2120036844912008e-05,82508,SRR11126500.k31.s10k.gather.with-lineages.csv
d__Bacteria,SRR11126500,0.5804891646870389,154124944,SRR11126500.k31.s10k.gather.with-lineages.csv
plasmids,SRR11126500,0.2154821350656906,82508,SRR11126500.k31.s10k.gather.with-lineages.csv
vOTUs,SRR11126500,0.0813254472293595,82508,SRR11126500.k31.s10k.gather.with-lineages.csv
Eukaryota,SRR11122997,0.02309028174485272,612682,SRR11122997.k31.s10k.gather.with-lineages.csv
d__Archaea,SRR11122997,0.001999405890820885,1487942,SRR11122997.k31.s10k.gather.with-lineages.csv
d__Bacteria,SRR11122997,0.5178232753695753,191244310,SRR11122997.k31.s10k.gather.with-lineages.csv
plasmids,SRR11122997,0.1475104540365148,87526,SRR11122997.k31.s10k.gather.with-lineages.csv
vOTUs,SRR11122997,0.0766515092658181,87526,SRR11122997.k31.s10k.gather.with-lineages.csv
Eukaryota,SRR14369144,0.05606464874571821,62603906,SRR14369144.k31.s10k.gather.with-lineages.csv
GCA_002575655.3 Aegilops tauschii subsp. strangulata,SRR14369144,1.5015037560116457e-06,665999,SRR14369144.k31.s10k.gather.with-lineages.csv
d__Archaea,SRR14369144,0.0017312338306812829,8657987,SRR14369144.k31.s10k.gather.with-lineages.csv
d__Bacteria,SRR14369144,0.5211043860425952,3194797203,SRR14369144.k31.s10k.gather.with-lineages.csv
plasmids,SRR14369144,0.126744935052455,665999,SRR14369144.k31.s10k.gather.with-lineages.csv
vOTUs,SRR14369144,0.1634567018869397,665999,SRR14369144.k31.s10k.gather.with-lineages.csv
Eukaryota,ERR1135448,0.0004562990002902983,2892840,ERR1135448.k31.s10k.gather.with-lineages.csv
GCA_029289425.3 pygmy chimpanzee (Pan paniscus),ERR1135448,1.1061793946433262e-05,361605,ERR1135448.k31.s10k.gather.with-lineages.csv
d__Archaea,ERR1135448,0.005948479694694362,14102595,ERR1135448.k31.s10k.gather.with-lineages.csv
d__Bacteria,ERR1135448,0.47891207256533747,2069465415,ERR1135448.k31.s10k.gather.with-lineages.csv
plasmids,ERR1135448,0.0468466973631448,361605,ERR1135448.k31.s10k.gather.with-lineages.csv
vOTUs,ERR1135448,0.1324871060964312,361605,ERR1135448.k31.s10k.gather.with-lineages.csv
Eukaryota,SRR17241531,0.0021543366797361738,100541388,SRR17241531.k31.s10k.gather.with-lineages.csv
d__Archaea,SRR17241531,0.005559322495129849,70555360,SRR17241531.k31.s10k.gather.with-lineages.csv
d__Bacteria,SRR17241531,0.5584505557054492,12565909616,SRR17241531.k31.s10k.gather.with-lineages.csv
plasmids,SRR17241531,0.0662050338911175,1763884,SRR17241531.k31.s10k.gather.with-lineages.csv
vOTUs,SRR17241531,0.1084476076658102,1763884,SRR17241531.k31.s10k.gather.with-lineages.csv
Eukaryota,ERR3211792,0.01001333212524397,10043410,ERR3211792.k31.s10k.gather.with-lineages.csv
d__Archaea,ERR3211792,0.0012529608967471115,11202265,ERR3211792.k31.s10k.gather.with-lineages.csv
d__Bacteria,ERR3211792,0.4931125982111411,2174398265,ERR3211792.k31.s10k.gather.with-lineages.csv
plasmids,ERR3211792,0.0533285009772577,386285,ERR3211792.k31.s10k.gather.with-lineages.csv
vOTUs,ERR3211792,0.2061094787527344,386285,ERR3211792.k31.s10k.gather.with-lineages.csv
Eukaryota,SRR8960577,0.0004523345640829233,2935880,SRR8960577.k31.s10k.gather.with-lineages.csv
d__Archaea,SRR8960577,0.0011907843644834689,4770805,SRR8960577.k31.s10k.gather.with-lineages.csv
d__Bacteria,SRR8960577,0.5857160374401968,1360413395,SRR8960577.k31.s10k.gather.with-lineages.csv
plasmids,SRR8960577,0.1026881207678788,366985,SRR8960577.k31.s10k.gather.with-lineages.csv
vOTUs,SRR8960577,0.1731024428791367,366985,SRR8960577.k31.s10k.gather.with-lineages.csv
Eukaryota,SRR11125139,0.00078976582698165,536868,SRR11125139.k31.s10k.gather.with-lineages.csv
d__Archaea,SRR11125139,0.03609080816886039,3355425,SRR11125139.k31.s10k.gather.with-lineages.csv
d__Bacteria,SRR11125139,0.5022612634762873,319704894,SRR11125139.k31.s10k.gather.with-lineages.csv
plasmids,SRR11125139,0.080094175849557,134217,SRR11125139.k31.s10k.gather.with-lineages.csv
vOTUs,SRR11125139,0.1556732753675019,134217,SRR11125139.k31.s10k.gather.with-lineages.csv
Eukaryota,SRR11183680,0.00026282037804079944,380488,SRR11183680.k31.s10k.gather.with-lineages.csv
d__Archaea,SRR11183680,0.009955635920186364,1521952,SRR11183680.k31.s10k.gather.with-lineages.csv
d__Bacteria,SRR11183680,0.42204747587306324,209078156,SRR11183680.k31.s10k.gather.with-lineages.csv
plasmids,SRR11183680,0.3244885515443325,95122,SRR11183680.k31.s10k.gather.with-lineages.csv
vOTUs,SRR11183680,0.0494312567019196,95122,SRR11183680.k31.s10k.gather.with-lineages.csv
Eukaryota,SRR11125873,0.0001258864504217196,285972,SRR11125873.k31.s10k.gather.with-lineages.csv
d__Archaea,SRR11125873,0.0002622634383785495,476620,SRR11125873.k31.s10k.gather.with-lineages.csv
d__Bacteria,SRR11125873,0.5167219168309897,225631908,SRR11125873.k31.s10k.gather.with-lineages.csv
plasmids,SRR11125873,0.2482166086190256,95324,SRR11125873.k31.s10k.gather.with-lineages.csv
vOTUs,SRR11125873,0.0804519323570139,95324,SRR11125873.k31.s10k.gather.with-lineages.csv
Eukaryota,SRR7182041,0.013425054308472044,1242900,SRR7182041.k31.s10k.gather.with-lineages.csv
d__Archaea,SRR7182041,0.002903692976104226,2623900,SRR7182041.k31.s10k.gather.with-lineages.csv
d__Bacteria,SRR7182041,0.5290224475017845,354364600,SRR7182041.k31.s10k.gather.with-lineages.csv
plasmids,SRR7182041,0.104902244750181,138100,SRR7182041.k31.s10k.gather.with-lineages.csv
vOTUs,SRR7182041,0.0831788559015206,138100,SRR7182041.k31.s10k.gather.with-lineages.csv
Eukaryota,SRR10209682,0.0016060639231385084,6687156,SRR10209682.k31.s10k.gather.with-lineages.csv
d__Archaea,SRR10209682,0.00020636575548698704,6687156,SRR10209682.k31.s10k.gather.with-lineages.csv
d__Bacteria,SRR10209682,0.5457243707190075,2601303684,SRR10209682.k31.s10k.gather.with-lineages.csv
plasmids,SRR10209682,0.1325352661131279,557263,SRR10209682.k31.s10k.gather.with-lineages.csv
vOTUs,SRR10209682,0.1601129089855238,557263,SRR10209682.k31.s10k.gather.with-lineages.csv
Eukaryota,SRR18048911,0.005282952122954944,31796616,SRR18048911.k31.s10k.gather.with-lineages.csv
GCA_029281585.3 western lowland gorilla (Gorilla gorilla gorilla),SRR18048911,1.1636458420606772e-06,859368,SRR18048911.k31.s10k.gather.with-lineages.csv
d__Archaea,SRR18048911,1.1636458420606773e-05,6015576,SRR18048911.k31.s10k.gather.with-lineages.csv
d__Bacteria,SRR18048911,0.5575830144943568,2230919328,SRR18048911.k31.s10k.gather.with-lineages.csv
plasmids,SRR18048911,0.2041709721562823,859368,SRR18048911.k31.s10k.gather.with-lineages.csv
vOTUs,SRR18048911,0.0716014559536775,859368,SRR18048911.k31.s10k.gather.with-lineages.csv
Eukaryota,SRR17241597,0.0037264485942261243,274677075,SRR17241597.k31.s10k.gather.with-lineages.csv
GCA_011762505.2 Nile rat (Arvicanthis niloticus),SRR17241597,5.570177270891646e-07,1795275,SRR17241597.k31.s10k.gather.with-lineages.csv
d__Archaea,SRR17241597,0.004051189929119316,132850350,SRR17241597.k31.s10k.gather.with-lineages.csv
d__Bacteria,SRR17241597,0.5597053376223394,14552499150,SRR17241597.k31.s10k.gather.with-lineages.csv
plasmids,SRR17241597,0.1690097617356672,1795275,SRR17241597.k31.s10k.gather.with-lineages.csv
vOTUs,SRR17241597,0.0762540557853253,1795275,SRR17241597.k31.s10k.gather.with-lineages.csv
Eukaryota,SRR8960898,0.0004330912268453581,2747689,SRR8960898.k31.s10k.gather.with-lineages.csv
d__Archaea,SRR8960898,0.00030316385879182114,5495378,SRR8960898.k31.s10k.gather.with-lineages.csv
d__Bacteria,SRR8960898,0.5699990064377446,1688651154,SRR8960898.k31.s10k.gather.with-lineages.csv
plasmids,SRR8960898,0.1224985797155354,392527,SRR8960898.k31.s10k.gather.with-lineages.csv
vOTUs,SRR8960898,0.1606513692051757,392527,SRR8960898.k31.s10k.gather.with-lineages.csv
Eukaryota,SRR8960923,0.0009235086223736799,1689210,SRR8960923.k31.s10k.gather.with-lineages.csv
d__Archaea,SRR8960923,0.19762374127550694,17173635,SRR8960923.k31.s10k.gather.with-lineages.csv
d__Bacteria,SRR8960923,0.4213081854831321,810539265,SRR8960923.k31.s10k.gather.with-lineages.csv
plasmids,SRR8960923,0.0525298808318681,281535,SRR8960923.k31.s10k.gather.with-lineages.csv
vOTUs,SRR8960923,0.1488624860141723,281535,SRR8960923.k31.s10k.gather.with-lineages.csv
Eukaryota,SRR14369273,0.02222070886859559,55726125,SRR14369273.k31.s10k.gather.with-lineages.csv
d__Archaea,SRR14369273,0.0035127689212193025,35535500,SRR14369273.k31.s10k.gather.with-lineages.csv
d__Bacteria,SRR14369273,0.5584089150286005,5153455125,SRR14369273.k31.s10k.gather.with-lineages.csv
plasmids,SRR14369273,0.0855842748800495,807625,SRR14369273.k31.s10k.gather.with-lineages.csv
vOTUs,SRR14369273,0.1810047980188825,807625,SRR14369273.k31.s10k.gather.with-lineages.csv
Eukaryota,SRR15057930,0.010392453280016417,6644052,SRR15057930.k31.s10k.gather.with-lineages.csv
d__Archaea,SRR15057930,0.0027471187763127014,15502788,SRR15057930.k31.s10k.gather.with-lineages.csv
d__Bacteria,SRR15057930,0.3487946813179439,1779129480,SRR15057930.k31.s10k.gather.with-lineages.csv
plasmids,SRR15057930,0.021329453773089,369114,SRR15057930.k31.s10k.gather.with-lineages.csv
vOTUs,SRR15057930,0.121607416678858,369114,SRR15057930.k31.s10k.gather.with-lineages.csv
Eukaryota,ERR3211905,0.024180114523685552,9681840,ERR3211905.k31.s10k.gather.with-lineages.csv
d__Archaea,ERR3211905,0.002112614957487243,17519520,ERR3211905.k31.s10k.gather.with-lineages.csv
d__Bacteria,ERR3211905,0.375993406212016,3140604480,ERR3211905.k31.s10k.gather.with-lineages.csv
plasmids,ERR3211905,0.0460046850598646,461040,ERR3211905.k31.s10k.gather.with-lineages.csv
vOTUs,ERR3211905,0.2181394239111573,461040,ERR3211905.k31.s10k.gather.with-lineages.csv
Eukaryota,SRR11124840,0.00021148002626798177,269529,SRR11124840.k31.s10k.gather.with-lineages.csv
d__Archaea,SRR11124840,0.0018031454871273453,718744,SRR11124840.k31.s10k.gather.with-lineages.csv
d__Bacteria,SRR11124840,0.5650634996604792,234939445,SRR11124840.k31.s10k.gather.with-lineages.csv
plasmids,SRR11124840,0.0966129804214017,89843,SRR11124840.k31.s10k.gather.with-lineages.csv
vOTUs,SRR11124840,0.1802255044911679,89843,SRR11124840.k31.s10k.gather.with-lineages.csv
Eukaryota,SRR11723729,0.0046288802369529435,10916247,SRR11723729.k31.s10k.gather.with-lineages.csv
GCA_002575655.3 Aegilops tauschii subsp. strangulata,SRR11723729,8.519411479055027e-06,352137,SRR11723729.k31.s10k.gather.with-lineages.csv
d__Archaea,SRR11723729,0.0009882517315701978,10916247,SRR11723729.k31.s10k.gather.with-lineages.csv
d__Bacteria,SRR11723729,0.4173347305167919,1954360350,SRR11723729.k31.s10k.gather.with-lineages.csv
plasmids,SRR11723729,0.1205723908592394,352137,SRR11723729.k31.s10k.gather.with-lineages.csv
vOTUs,SRR11723729,0.2100773278581915,352137,SRR11723729.k31.s10k.gather.with-lineages.csv
Eukaryota,SRR8960950,0.0005608298939124382,2977730,SRR8960950.k31.s10k.gather.with-lineages.csv
d__Archaea,SRR8960950,0.00011418093648517494,3275503,SRR8960950.k31.s10k.gather.with-lineages.csv
d__Bacteria,SRR8960950,0.5263338180425681,1368266935,SRR8960950.k31.s10k.gather.with-lineages.csv
plasmids,SRR8960950,0.0982929949995466,297773,SRR8960950.k31.s10k.gather.with-lineages.csv
vOTUs,SRR8960950,0.1642089779798705,297773,SRR8960950.k31.s10k.gather.with-lineages.csv
Eukaryota,SRR11124680,0.0002963524935098282,337436,SRR11124680.k31.s10k.gather.with-lineages.csv
d__Archaea,SRR11124680,0.0005097262888369474,506154,SRR11124680.k31.s10k.gather.with-lineages.csv
d__Bacteria,SRR11124680,0.5799144133998465,193013392,SRR11124680.k31.s10k.gather.with-lineages.csv
plasmids,SRR11124680,0.1233774700980334,84359,SRR11124680.k31.s10k.gather.with-lineages.csv
vOTUs,SRR11124680,0.1805735013454403,84359,SRR11124680.k31.s10k.gather.with-lineages.csv
Eukaryota,SRR7182031,0.032940036479707835,4210560,SRR7182031.k31.s10k.gather.with-lineages.csv
GCA_002575655.3 Aegilops tauschii subsp. strangulata,SRR7182031,1.709986320109439e-05,175440,SRR7182031.k31.s10k.gather.with-lineages.csv
d__Archaea,SRR7182031,0.0033914728682168612,4736880,SRR7182031.k31.s10k.gather.with-lineages.csv
d__Bacteria,SRR7182031,0.4769835841312992,554916720,SRR7182031.k31.s10k.gather.with-lineages.csv
plasmids,SRR7182031,0.0656691746466028,175440,SRR7182031.k31.s10k.gather.with-lineages.csv
vOTUs,SRR7182031,0.1377393980848153,175440,SRR7182031.k31.s10k.gather.with-lineages.csv
Eukaryota,ERR1135230,0.0013716155976341213,6342885,ERR1135230.k31.s10k.gather.with-lineages.csv
d__Archaea,ERR1135230,0.0029726220797001257,18605796,ERR1135230.k31.s10k.gather.with-lineages.csv
d__Bacteria,ERR1135230,0.4367578791038799,2829772428,ERR1135230.k31.s10k.gather.with-lineages.csv
plasmids,ERR1135230,0.0692240202999108,422859,ERR1135230.k31.s10k.gather.with-lineages.csv
vOTUs,ERR1135230,0.2103159682068963,422859,ERR1135230.k31.s10k.gather.with-lineages.csv
Eukaryota,SRR11125454,0.00021904365540050853,547836,SRR11125454.k31.s10k.gather.with-lineages.csv
GCA_029289425.3 pygmy chimpanzee (Pan paniscus),SRR11125454,7.301455180017378e-06,136959,SRR11125454.k31.s10k.gather.with-lineages.csv
d__Archaea,SRR11125454,0.001686636146583943,1917426,SRR11125454.k31.s10k.gather.with-lineages.csv
d__Bacteria,SRR11125454,0.4989376382712736,471412878,SRR11125454.k31.s10k.gather.with-lineages.csv
plasmids,SRR11125454,0.1251177359647778,136959,SRR11125454.k31.s10k.gather.with-lineages.csv
vOTUs,SRR11125454,0.1522499434137223,136959,SRR11125454.k31.s10k.gather.with-lineages.csv
Eukaryota,SRR11125057,0.0003362219498703,184402,SRR11125057.k31.s10k.gather.with-lineages.csv
d__Archaea,SRR11125057,0.001030357588312456,829809,SRR11125057.k31.s10k.gather.with-lineages.csv
d__Bacteria,SRR11125057,0.5378249693603834,270886538,SRR11125057.k31.s10k.gather.with-lineages.csv
plasmids,SRR11125057,0.1010184271320267,92201,SRR11125057.k31.s10k.gather.with-lineages.csv
vOTUs,SRR11125057,0.1729373867962386,92201,SRR11125057.k31.s10k.gather.with-lineages.csv
Eukaryota,SRR8960795,0.0007213551696100697,5398173,SRR8960795.k31.s10k.gather.with-lineages.csv
GCA_922984935.2 Eurasian badger (Meles meles),SRR8960795,2.037726467825318e-06,490743,SRR8960795.k31.s10k.gather.with-lineages.csv
d__Archaea,SRR8960795,0.0027488930050963,11777832,SRR8960795.k31.s10k.gather.with-lineages.csv
d__Bacteria,SRR8960795,0.5273982512231209,2334464451,SRR8960795.k31.s10k.gather.with-lineages.csv
plasmids,SRR8960795,0.1435028110436623,490743,SRR8960795.k31.s10k.gather.with-lineages.csv
vOTUs,SRR8960795,0.1490352384038081,490743,SRR8960795.k31.s10k.gather.with-lineages.csv
Eukaryota,SRR11125741,0.00044462069048386844,249651,SRR11125741.k31.s10k.gather.with-lineages.csv
d__Archaea,SRR11125741,0.002739824795414121,1165038,SRR11125741.k31.s10k.gather.with-lineages.csv
d__Bacteria,SRR11125741,0.5982311306583693,201718008,SRR11125741.k31.s10k.gather.with-lineages.csv
plasmids,SRR11125741,0.2054508093298244,83217,SRR11125741.k31.s10k.gather.with-lineages.csv
vOTUs,SRR11125741,0.0780970234447288,83217,SRR11125741.k31.s10k.gather.with-lineages.csv
Eukaryota,SRR8960480,0.0006781740164606465,2807539,SRR8960480.k31.s10k.gather.with-lineages.csv
d__Archaea,SRR8960480,0.012354236218980017,14438772,SRR8960480.k31.s10k.gather.with-lineages.csv
d__Bacteria,SRR8960480,0.5151005916569372,1698962172,SRR8960480.k31.s10k.gather.with-lineages.csv
plasmids,SRR8960480,0.0567098088396991,401077,SRR8960480.k31.s10k.gather.with-lineages.csv
vOTUs,SRR8960480,0.1221436282808538,401077,SRR8960480.k31.s10k.gather.with-lineages.csv
Eukaryota,SRR11125263,0.00028176439043446947,550105,SRR11125263.k31.s10k.gather.with-lineages.csv
d__Archaea,SRR11125263,0.028094636478490108,2750525,SRR11125263.k31.s10k.gather.with-lineages.csv
d__Bacteria,SRR11125263,0.6141009443651383,281653760,SRR11125263.k31.s10k.gather.with-lineages.csv
plasmids,SRR11125263,0.0880104707283155,110021,SRR11125263.k31.s10k.gather.with-lineages.csv
vOTUs,SRR11125263,0.1378555003135765,110021,SRR11125263.k31.s10k.gather.with-lineages.csv
Eukaryota,SRR11126084,0.00023296018832986024,163118,SRR11126084.k31.s10k.gather.with-lineages.csv
d__Archaea,SRR11126084,0.0022560355080369805,978708,SRR11126084.k31.s10k.gather.with-lineages.csv
d__Bacteria,SRR11126084,0.4806091295871469,203652823,SRR11126084.k31.s10k.gather.with-lineages.csv
plasmids,SRR11126084,0.1264238158878848,81559,SRR11126084.k31.s10k.gather.with-lineages.csv
vOTUs,SRR11126084,0.2086219791807158,81559,SRR11126084.k31.s10k.gather.with-lineages.csv
Eukaryota,SRR10209679,0.003252025857771128,12446703,SRR10209679.k31.s10k.gather.with-lineages.csv
GCA_029289425.3 pygmy chimpanzee (Pan paniscus),SRR10209679,2.7316470875861663e-06,732159,SRR10209679.k31.s10k.gather.with-lineages.csv
d__Archaea,SRR10209679,0.0004684774755209668,16107498,SRR10209679.k31.s10k.gather.with-lineages.csv
d__Bacteria,SRR10209679,0.5237864999269038,4491795465,SRR10209679.k31.s10k.gather.with-lineages.csv
plasmids,SRR10209679,0.1450122172915992,732159,SRR10209679.k31.s10k.gather.with-lineages.csv
vOTUs,SRR10209679,0.1636584403114624,732159,SRR10209679.k31.s10k.gather.with-lineages.csv
Eukaryota,SRR11723726,0.04191530704931352,21221412,SRR11723726.k31.s10k.gather.with-lineages.csv
GCA_002575655.3 Aegilops tauschii subsp. strangulata,SRR11723726,2.0121187035056855e-05,347892,SRR11723726.k31.s10k.gather.with-lineages.csv
GCA_029289425.3 pygmy chimpanzee (Pan paniscus),SRR11723726,8.623365872167224e-06,347892,SRR11723726.k31.s10k.gather.with-lineages.csv
d__Archaea,SRR11723726,0.0010980419210558767,10436760,SRR11723726.k31.s10k.gather.with-lineages.csv
d__Bacteria,SRR11723726,0.3873127292377905,1746069948,SRR11723726.k31.s10k.gather.with-lineages.csv
plasmids,SRR11723726,0.1201838501603946,347892,SRR11723726.k31.s10k.gather.with-lineages.csv
vOTUs,SRR11723726,0.1840657445414094,347892,SRR11723726.k31.s10k.gather.with-lineages.csv
Eukaryota,SRR14369169,0.008470090944484091,26753904,SRR14369169.k31.s10k.gather.with-lineages.csv
d__Archaea,SRR14369169,0.0027127255895063322,13376952,SRR14369169.k31.s10k.gather.with-lineages.csv
d__Bacteria,SRR14369169,0.6116335021610063,2505391635,SRR14369169.k31.s10k.gather.with-lineages.csv
plasmids,SRR14369169,0.1017505333053448,557373,SRR14369169.k31.s10k.gather.with-lineages.csv
vOTUs,SRR14369169,0.1570869058960516,557373,SRR14369169.k31.s10k.gather.with-lineages.csv
Eukaryota,ERR1135303,0.0021631929568116017,9046812,ERR1135303.k31.s10k.gather.with-lineages.csv
d__Archaea,ERR1135303,0.0010395927316715,19045920,ERR1135303.k31.s10k.gather.with-lineages.csv
d__Bacteria,ERR1135303,0.5030158690154848,3576823776,ERR1135303.k31.s10k.gather.with-lineages.csv
plasmids,ERR1135303,0.0820354175592462,476148,ERR1135303.k31.s10k.gather.with-lineages.csv
vOTUs,ERR1135303,0.1886598284566983,476148,ERR1135303.k31.s10k.gather.with-lineages.csv
Eukaryota,SRR11184031,0.0007312792511699366,861504,SRR11184031.k31.s10k.gather.with-lineages.csv
d__Archaea,SRR11184031,0.03741363940271851,4451104,SRR11184031.k31.s10k.gather.with-lineages.csv
d__Bacteria,SRR11184031,0.493098116781788,360108672,SRR11184031.k31.s10k.gather.with-lineages.csv
plasmids,SRR11184031,0.0781145531535547,143584,SRR11184031.k31.s10k.gather.with-lineages.csv
vOTUs,SRR11184031,0.1528861154446177,143584,SRR11184031.k31.s10k.gather.with-lineages.csv
Eukaryota,SRR11183392,0.0003544214070529465,677160,SRR11183392.k31.s10k.gather.with-lineages.csv
d__Archaea,SRR11183392,0.00014029180695847364,677160,SRR11183392.k31.s10k.gather.with-lineages.csv
d__Bacteria,SRR11183392,0.4963376454604208,410223528,SRR11183392.k31.s10k.gather.with-lineages.csv
plasmids,SRR11183392,0.1541806958473625,135432,SRR11183392.k31.s10k.gather.with-lineages.csv
vOTUs,SRR11183392,0.194806249630811,135432,SRR11183392.k31.s10k.gather.with-lineages.csv
Eukaryota,SRR11125164,6.564120517252698e-05,182812,SRR11125164.k31.s10k.gather.with-lineages.csv
d__Archaea,SRR11125164,0.010404131019845303,1828120,SRR11125164.k31.s10k.gather.with-lineages.csv
d__Bacteria,SRR11125164,0.4338883661903819,198351020,SRR11125164.k31.s10k.gather.with-lineages.csv
plasmids,SRR11125164,0.3260726866945277,91406,SRR11125164.k31.s10k.gather.with-lineages.csv
vOTUs,SRR11125164,0.0505437279828457,91406,SRR11125164.k31.s10k.gather.with-lineages.csv
Eukaryota,SRR8960959,0.000730456053725199,1766020,SRR8960959.k31.s10k.gather.with-lineages.csv
d__Archaea,SRR8960959,0.008462531568158741,11302528,SRR8960959.k31.s10k.gather.with-lineages.csv
d__Bacteria,SRR8960959,0.4830211435883798,1647696660,SRR8960959.k31.s10k.gather.with-lineages.csv
plasmids,SRR8960959,0.1226231866003782,353204,SRR8960959.k31.s10k.gather.with-lineages.csv
vOTUs,SRR8960959,0.2005583175728474,353204,SRR8960959.k31.s10k.gather.with-lineages.csv
Eukaryota,SRR8960547,0.00029774458477035466,604545,SRR8960547.k31.s10k.gather.with-lineages.csv
d__Archaea,SRR8960547,0.009354142371535501,4231815,SRR8960547.k31.s10k.gather.with-lineages.csv
d__Bacteria,SRR8960547,0.611353993499223,453408750,SRR8960547.k31.s10k.gather.with-lineages.csv
plasmids,SRR8960547,0.1410961963129295,201515,SRR8960547.k31.s10k.gather.with-lineages.csv
vOTUs,SRR8960547,0.0602883160062526,201515,SRR8960547.k31.s10k.gather.with-lineages.csv
Eukaryota,SRR11125443,0.0003852574804160707,186888,SRR11125443.k31.s10k.gather.with-lineages.csv
d__Archaea,SRR11125443,0.0015196267283077707,654108,SRR11125443.k31.s10k.gather.with-lineages.csv
d__Bacteria,SRR11125443,0.5946663242155433,236506764,SRR11125443.k31.s10k.gather.with-lineages.csv
plasmids,SRR11125443,0.1845918411026925,93444,SRR11125443.k31.s10k.gather.with-lineages.csv
vOTUs,SRR11125443,0.0836329780403236,93444,SRR11125443.k31.s10k.gather.with-lineages.csv
Eukaryota,ERR3211840,0.0011215791834903034,4119192,ERR3211840.k31.s10k.gather.with-lineages.csv
d__Archaea,ERR3211840,0.0017275232618433514,13387374,ERR3211840.k31.s10k.gather.with-lineages.csv
d__Bacteria,ERR3211840,0.43272564133934427,1995061992,ERR3211840.k31.s10k.gather.with-lineages.csv
plasmids,ERR3211840,0.0635163400977667,343266,ERR3211840.k31.s10k.gather.with-lineages.csv
vOTUs,ERR3211840,0.2306928154842017,343266,ERR3211840.k31.s10k.gather.with-lineages.csv
Eukaryota,SRR11125990,0.0002366467160337754,405668,SRR11125990.k31.s10k.gather.with-lineages.csv
d__Archaea,SRR11125990,0.01008706627094051,1926923,SRR11125990.k31.s10k.gather.with-lineages.csv
d__Bacteria,SRR11125990,0.5176844118835845,220581975,SRR11125990.k31.s10k.gather.with-lineages.csv
plasmids,SRR11125990,0.129869745703383,101417,SRR11125990.k31.s10k.gather.with-lineages.csv
vOTUs,SRR11125990,0.158691343660333,101417,SRR11125990.k31.s10k.gather.with-lineages.csv
Eukaryota,ERR8314772,0.0024552699902440373,42759045,ERR8314772.k31.s10k.gather.with-lineages.csv
GCA_029289425.3 pygmy chimpanzee (Pan paniscus),ERR8314772,6.314453468266188e-06,950201,ERR8314772.k31.s10k.gather.with-lineages.csv
d__Archaea,ERR8314772,0.0003251943536156885,23755025,ERR8314772.k31.s10k.gather.with-lineages.csv
d__Bacteria,ERR8314772,0.5785439080783639,7965534983,ERR8314772.k31.s10k.gather.with-lineages.csv
plasmids,ERR8314772,0.0704356236206865,950201,ERR8314772.k31.s10k.gather.with-lineages.csv
vOTUs,ERR8314772,0.1238369566018137,950201,ERR8314772.k31.s10k.gather.with-lineages.csv
Eukaryota,SRR8960376,0.00037586538860141474,14111435,SRR8960376.k31.s10k.gather.with-lineages.csv
d__Archaea,SRR8960376,0.0018747207495196719,36906830,SRR8960376.k31.s10k.gather.with-lineages.csv
d__Bacteria,SRR8960376,0.47195058475624174,6604151580,SRR8960376.k31.s10k.gather.with-lineages.csv
plasmids,SRR8960376,0.1503848474659026,1085495,SRR8960376.k31.s10k.gather.with-lineages.csv
vOTUs,SRR8960376,0.1376560923818165,1085495,SRR8960376.k31.s10k.gather.with-lineages.csv
Eukaryota,SRR11124663,0.00017574839524977194,477956,SRR11124663.k31.s10k.gather.with-lineages.csv
d__Archaea,SRR11124663,8.368971202370093e-06,119489,SRR11124663.k31.s10k.gather.with-lineages.csv
d__Bacteria,SRR11124663,0.5833005548627622,327519349,SRR11124663.k31.s10k.gather.with-lineages.csv
plasmids,SRR11124663,0.1843516976458084,119489,SRR11124663.k31.s10k.gather.with-lineages.csv
vOTUs,SRR11124663,0.0987036463607528,119489,SRR11124663.k31.s10k.gather.with-lineages.csv
Eukaryota,SRR11125162,0.00023468959213418237,323832,SRR11125162.k31.s10k.gather.with-lineages.csv
d__Archaea,SRR11125162,0.014958373477605395,1538202,SRR11125162.k31.s10k.gather.with-lineages.csv
d__Bacteria,SRR11125162,0.48417698065661346,179241012,SRR11125162.k31.s10k.gather.with-lineages.csv
plasmids,SRR11125162,0.2245979396724227,80958,SRR11125162.k31.s10k.gather.with-lineages.csv
vOTUs,SRR11125162,0.0762864695274092,80958,SRR11125162.k31.s10k.gather.with-lineages.csv
Eukaryota,SRR8960932,0.004037786166356684,2875338,SRR8960932.k31.s10k.gather.with-lineages.csv
d__Archaea,SRR8960932,0.009302558516598376,13098762,SRR8960932.k31.s10k.gather.with-lineages.csv
d__Bacteria,SRR8960932,0.6117465146705986,1024898256,SRR8960932.k31.s10k.gather.with-lineages.csv
plasmids,SRR8960932,0.07059239644174,319482,SRR8960932.k31.s10k.gather.with-lineages.csv
vOTUs,SRR8960932,0.1308555724579162,319482,SRR8960932.k31.s10k.gather.with-lineages.csv
Eukaryota,SRR18048903,0.0037994604060721496,27243079,SRR18048903.k31.s10k.gather.with-lineages.csv
d__Archaea,SRR18048903,2.2758073711124945e-06,1757618,SRR18048903.k31.s10k.gather.with-lineages.csv
d__Bacteria,SRR18048903,0.6392924970044573,1435095097,SRR18048903.k31.s10k.gather.with-lineages.csv
plasmids,SRR18048903,0.1660338025668831,878809,SRR18048903.k31.s10k.gather.with-lineages.csv
vOTUs,SRR18048903,0.0808935730061936,878809,SRR18048903.k31.s10k.gather.with-lineages.csv
Eukaryota,ERR1135323,0.0009186442416390221,6727305,ERR1135323.k31.s10k.gather.with-lineages.csv
d__Archaea,ERR1135323,0.0012486426585384912,16594019,ERR1135323.k31.s10k.gather.with-lineages.csv
d__Bacteria,ERR1135323,0.5261245030513368,3265882334,ERR1135323.k31.s10k.gather.with-lineages.csv
plasmids,ERR1135323,0.0866736382548435,448487,ERR1135323.k31.s10k.gather.with-lineages.csv
vOTUs,ERR1135323,0.1899676021824489,448487,ERR1135323.k31.s10k.gather.with-lineages.csv
Eukaryota,SRR8960430,0.0002733122509923591,4361312,SRR8960430.k31.s10k.gather.with-lineages.csv
d__Archaea,SRR8960430,0.001531649191802695,13629100,SRR8960430.k31.s10k.gather.with-lineages.csv
d__Bacteria,SRR8960430,0.4940348225487869,2397631272,SRR8960430.k31.s10k.gather.with-lineages.csv
plasmids,SRR8960430,0.1245643512777806,545164,SRR8960430.k31.s10k.gather.with-lineages.csv
vOTUs,SRR8960430,0.152258769838067,545164,SRR8960430.k31.s10k.gather.with-lineages.csv
Eukaryota,SRR8960285,0.0005124548018447182,1674294,SRR8960285.k31.s10k.gather.with-lineages.csv
d__Archaea,SRR8960285,0.0007955592028639567,3348588,SRR8960285.k31.s10k.gather.with-lineages.csv
d__Bacteria,SRR8960285,0.544606861160557,1029132712,SRR8960285.k31.s10k.gather.with-lineages.csv
plasmids,SRR8960285,0.1194628900300664,279049,SRR8960285.k31.s10k.gather.with-lineages.csv
vOTUs,SRR8960285,0.1690921666087318,279049,SRR8960285.k31.s10k.gather.with-lineages.csv
Eukaryota,SRR8960109,0.0003092124094890246,4527632,SRR8960109.k31.s10k.gather.with-lineages.csv
GCA_029289425.3 pygmy chimpanzee (Pan paniscus),SRR8960109,1.766928054223488e-06,565954,SRR8960109.k31.s10k.gather.with-lineages.csv
d__Archaea,SRR8960109,0.0001643243090427844,5659540,SRR8960109.k31.s10k.gather.with-lineages.csv
d__Bacteria,SRR8960109,0.4808288306116508,2886365400,SRR8960109.k31.s10k.gather.with-lineages.csv
plasmids,SRR8960109,0.1452026136399778,565954,SRR8960109.k31.s10k.gather.with-lineages.csv
vOTUs,SRR8960109,0.174614898030582,565954,SRR8960109.k31.s10k.gather.with-lineages.csv
Eukaryota,SRR11183450,0.0004388218169363061,373728,SRR11183450.k31.s10k.gather.with-lineages.csv
d__Archaea,SRR11183450,0.0001605445671718469,280296,SRR11183450.k31.s10k.gather.with-lineages.csv
d__Bacteria,SRR11183450,0.517124753831634,219471768,SRR11183450.k31.s10k.gather.with-lineages.csv
plasmids,SRR11183450,0.2651340011987327,93432,SRR11183450.k31.s10k.gather.with-lineages.csv
vOTUs,SRR11183450,0.1048248993920712,93432,SRR11183450.k31.s10k.gather.with-lineages.csv
Eukaryota,SRR11124883,1.6662501041406316e-05,240060,SRR11124883.k31.s10k.gather.with-lineages.csv
d__Archaea,SRR11124883,3.332500208281263e-05,480120,SRR11124883.k31.s10k.gather.with-lineages.csv
d__Bacteria,SRR11124883,0.5066733316670622,245581380,SRR11124883.k31.s10k.gather.with-lineages.csv
plasmids,SRR11124883,0.3076314254769641,120030,SRR11124883.k31.s10k.gather.with-lineages.csv
vOTUs,SRR11124883,0.0966175122885945,120030,SRR11124883.k31.s10k.gather.with-lineages.csv
Eukaryota,SRR11125492,0.00029993776291404884,533444,SRR11125492.k31.s10k.gather.with-lineages.csv
d__Archaea,SRR11125492,0.0016721530282464757,2000415,SRR11125492.k31.s10k.gather.with-lineages.csv
d__Bacteria,SRR11125492,0.5508506984800354,360874866,SRR11125492.k31.s10k.gather.with-lineages.csv
plasmids,SRR11125492,0.1043108554974842,133361,SRR11125492.k31.s10k.gather.with-lineages.csv
vOTUs,SRR11125492,0.1876635598113391,133361,SRR11125492.k31.s10k.gather.with-lineages.csv
Eukaryota,ERR3211891,0.055974004216286975,10314288,ERR3211891.k31.s10k.gather.with-lineages.csv
d__Archaea,ERR3211891,0.0006771189635192709,6016668,ERR3211891.k31.s10k.gather.with-lineages.csv
d__Bacteria,ERR3211891,0.40359082468899443,1516773352,ERR3211891.k31.s10k.gather.with-lineages.csv
plasmids,ERR3211891,0.0584137266673181,286508,ERR3211891.k31.s10k.gather.with-lineages.csv
vOTUs,ERR3211891,0.1850733661887277,286508,ERR3211891.k31.s10k.gather.with-lineages.csv
Eukaryota,SRR8960436,0.00029840036092229513,1970507,SRR8960436.k31.s10k.gather.with-lineages.csv
d__Archaea,SRR8960436,0.0013641159356447747,5348519,SRR8960436.k31.s10k.gather.with-lineages.csv
d__Bacteria,SRR8960436,0.4628651407987638,1043805708,SRR8960436.k31.s10k.gather.with-lineages.csv
plasmids,SRR8960436,0.1556761787702352,281501,SRR8960436.k31.s10k.gather.with-lineages.csv
vOTUs,SRR8960436,0.2070934028653539,281501,SRR8960436.k31.s10k.gather.with-lineages.csv
Eukaryota,ERR3211770,0.0019325198550250475,3897502,ERR3211770.k31.s10k.gather.with-lineages.csv
d__Archaea,ERR3211770,0.0016164199530877056,7238218,ERR3211770.k31.s10k.gather.with-lineages.csv
d__Bacteria,ERR3211770,0.41841569292328734,1488288978,ERR3211770.k31.s10k.gather.with-lineages.csv
plasmids,ERR3211770,0.0584461534593183,278393,ERR3211770.k31.s10k.gather.with-lineages.csv
vOTUs,ERR3211770,0.2141002108530027,278393,ERR3211770.k31.s10k.gather.with-lineages.csv
Eukaryota,SRR8960720,0.0004566389308449581,3871768,SRR8960720.k31.s10k.gather.with-lineages.csv
d__Archaea,SRR8960720,0.00017769659752334995,4839710,SRR8960720.k31.s10k.gather.with-lineages.csv
d__Bacteria,SRR8960720,0.5022222405887722,1953306956,SRR8960720.k31.s10k.gather.with-lineages.csv
plasmids,SRR8960720,0.1552241766552128,483971,SRR8960720.k31.s10k.gather.with-lineages.csv
vOTUs,SRR8960720,0.171090829822448,483971,SRR8960720.k31.s10k.gather.with-lineages.csv
Eukaryota,SRR11126032,0.007224107880010953,436040,SRR11126032.k31.s10k.gather.with-lineages.csv
d__Archaea,SRR11126032,0.025628382717181573,1133704,SRR11126032.k31.s10k.gather.with-lineages.csv
d__Bacteria,SRR11126032,0.6762223649206359,84068512,SRR11126032.k31.s10k.gather.with-lineages.csv
plasmids,SRR11126032,0.1478075405926061,87208,SRR11126032.k31.s10k.gather.with-lineages.csv
vOTUs,SRR11126032,0.0641110907256215,87208,SRR11126032.k31.s10k.gather.with-lineages.csv
Eukaryota,ERR3211816,0.03242079582780913,7351917,ERR3211816.k31.s10k.gather.with-lineages.csv
d__Archaea,ERR3211816,0.002219965214514678,15477720,ERR3211816.k31.s10k.gather.with-lineages.csv
d__Bacteria,ERR3211816,0.3948927878266052,2313145254,ERR3211816.k31.s10k.gather.with-lineages.csv
plasmids,ERR3211816,0.0559074592381823,386943,ERR3211816.k31.s10k.gather.with-lineages.csv
vOTUs,ERR3211816,0.2291422767694466,386943,ERR3211816.k31.s10k.gather.with-lineages.csv
Eukaryota,SRR8960201,0.0007799204396376749,6133959,SRR8960201.k31.s10k.gather.with-lineages.csv
d__Archaea,SRR8960201,0.017077714409241843,22648464,SRR8960201.k31.s10k.gather.with-lineages.csv
d__Bacteria,SRR8960201,0.48803945380134284,2243141622,SRR8960201.k31.s10k.gather.with-lineages.csv
plasmids,SRR8960201,0.0986090712376786,471843,SRR8960201.k31.s10k.gather.with-lineages.csv
vOTUs,SRR8960201,0.1771542652958717,471843,SRR8960201.k31.s10k.gather.with-lineages.csv
Eukaryota,SRR8960320,0.00028652786892850154,5130391,SRR8960320.k31.s10k.gather.with-lineages.csv
GCA_029289425.3 pygmy chimpanzee (Pan paniscus),SRR8960320,4.093255270407265e-06,732913,SRR8960320.k31.s10k.gather.with-lineages.csv
d__Archaea,SRR8960320,0.0033946730375908865,33713998,SRR8960320.k31.s10k.gather.with-lineages.csv
d__Bacteria,SRR8960320,0.4426664556365885,4209852272,SRR8960320.k31.s10k.gather.with-lineages.csv
plasmids,SRR8960320,0.0642695654190879,732913,SRR8960320.k31.s10k.gather.with-lineages.csv
vOTUs,SRR8960320,0.1282512385508239,732913,SRR8960320.k31.s10k.gather.with-lineages.csv
Eukaryota,ERR8314749,0.006011359634178509,92398398,ERR8314749.k31.s10k.gather.with-lineages.csv
GCA_002575655.3 Aegilops tauschii subsp. strangulata,ERR8314749,1.1472060370570491e-06,871683,ERR8314749.k31.s10k.gather.with-lineages.csv
d__Archaea,ERR8314749,0.0004841209476379561,27022173,ERR8314749.k31.s10k.gather.with-lineages.csv
d__Bacteria,ERR8314749,0.5040398860594648,7892217882,ERR8314749.k31.s10k.gather.with-lineages.csv
plasmids,ERR8314749,0.0825380327481435,871683,ERR8314749.k31.s10k.gather.with-lineages.csv
vOTUs,ERR8314749,0.1547867745499224,871683,ERR8314749.k31.s10k.gather.with-lineages.csv
Eukaryota,SRR11125534,0.00017684124310078357,537205,SRR11125534.k31.s10k.gather.with-lineages.csv
d__Archaea,SRR11125534,0.011662214610809456,1504174,SRR11125534.k31.s10k.gather.with-lineages.csv
d__Bacteria,SRR11125534,0.497826714196599,302876179,SRR11125534.k31.s10k.gather.with-lineages.csv
plasmids,SRR11125534,0.156141510224216,107441,SRR11125534.k31.s10k.gather.with-lineages.csv
vOTUs,SRR11125534,0.157714466544429,107441,SRR11125534.k31.s10k.gather.with-lineages.csv
Eukaryota,SRR8960723,0.0004314614160937968,1865752,SRR8960723.k31.s10k.gather.with-lineages.csv
d__Archaea,SRR8960723,0.04678917669658096,9062224,SRR8960723.k31.s10k.gather.with-lineages.csv
d__Bacteria,SRR8960723,0.42600999489747776,820131272,SRR8960723.k31.s10k.gather.with-lineages.csv
plasmids,SRR8960723,0.1023126331902632,266536,SRR8960723.k31.s10k.gather.with-lineages.csv
vOTUs,SRR8960723,0.1591980070234414,266536,SRR8960723.k31.s10k.gather.with-lineages.csv
Eukaryota,ERR3211937,0.0015568764314536625,5134640,ERR3211937.k31.s10k.gather.with-lineages.csv
d__Archaea,ERR3211937,0.00010360999018431672,5501400,ERR3211937.k31.s10k.gather.with-lineages.csv
d__Bacteria,ERR3211937,0.44529119860396993,2018647040,ERR3211937.k31.s10k.gather.with-lineages.csv
plasmids,ERR3211937,0.0827598429490675,366760,ERR3211937.k31.s10k.gather.with-lineages.csv
vOTUs,ERR3211937,0.1889955284109499,366760,ERR3211937.k31.s10k.gather.with-lineages.csv
Eukaryota,SRR11183679,0.0003480627145726679,632070,SRR11183679.k31.s10k.gather.with-lineages.csv
d__Archaea,SRR11183679,0.0009413514325944647,2149038,SRR11183679.k31.s10k.gather.with-lineages.csv
d__Bacteria,SRR11183679,0.5230354232916998,336008412,SRR11183679.k31.s10k.gather.with-lineages.csv
plasmids,SRR11183679,0.0924343822677868,126414,SRR11183679.k31.s10k.gather.with-lineages.csv
vOTUs,SRR11183679,0.1339962345942696,126414,SRR11183679.k31.s10k.gather.with-lineages.csv
Eukaryota,ERR8314752,0.0034320830059467516,49475202,ERR8314752.k31.s10k.gather.with-lineages.csv
GCA_011762505.2 Nile rat (Arvicanthis niloticus),ERR8314752,1.1520923148530043e-06,867986,ERR8314752.k31.s10k.gather.with-lineages.csv
d__Archaea,ERR8314752,0.00024309147843397255,21699650,ERR8314752.k31.s10k.gather.with-lineages.csv
d__Bacteria,ERR8314752,0.5482012382687886,7658240478,ERR8314752.k31.s10k.gather.with-lineages.csv
plasmids,ERR8314752,0.0815692879839075,867986,ERR8314752.k31.s10k.gather.with-lineages.csv
vOTUs,ERR8314752,0.1407660953056846,867986,ERR8314752.k31.s10k.gather.with-lineages.csv
Eukaryota,SRR11125097,0.0008646371275181918,636105,SRR11125097.k31.s10k.gather.with-lineages.csv
d__Archaea,SRR11125097,0.0483567964408387,3689409,SRR11125097.k31.s10k.gather.with-lineages.csv
d__Bacteria,SRR11125097,0.5190180866366176,232432767,SRR11125097.k31.s10k.gather.with-lineages.csv
plasmids,SRR11125097,0.0863222266764134,127221,SRR11125097.k31.s10k.gather.with-lineages.csv
vOTUs,SRR11125097,0.1477114627302096,127221,SRR11125097.k31.s10k.gather.with-lineages.csv
Eukaryota,SRR11125711,0.0001436193512713903,557028,SRR11125711.k31.s10k.gather.with-lineages.csv
d__Archaea,SRR11125711,0.0002585148322884293,974799,SRR11125711.k31.s10k.gather.with-lineages.csv
d__Bacteria,SRR11125711,0.6556295195214342,371119905,SRR11125711.k31.s10k.gather.with-lineages.csv
plasmids,SRR11125711,0.1546636793841602,139257,SRR11125711.k31.s10k.gather.with-lineages.csv
vOTUs,SRR11125711,0.0820281924786545,139257,SRR11125711.k31.s10k.gather.with-lineages.csv
Eukaryota,SRR8960731,0.00046893952972648347,5757672,SRR8960731.k31.s10k.gather.with-lineages.csv
d__Archaea,SRR8960731,0.0023801286353232766,8636508,SRR8960731.k31.s10k.gather.with-lineages.csv
d__Bacteria,SRR8960731,0.5588133537304377,2137535730,SRR8960731.k31.s10k.gather.with-lineages.csv
plasmids,SRR8960731,0.2043096584869718,479806,SRR8960731.k31.s10k.gather.with-lineages.csv
vOTUs,SRR8960731,0.0889255240659766,479806,SRR8960731.k31.s10k.gather.with-lineages.csv
Eukaryota,SRR8960854,0.0005533453157500436,4456530,SRR8960854.k31.s10k.gather.with-lineages.csv
d__Archaea,SRR8960854,0.009087788032392631,21787480,SRR8960854.k31.s10k.gather.with-lineages.csv
d__Bacteria,SRR8960854,0.48910071288645507,2589739100,SRR8960854.k31.s10k.gather.with-lineages.csv
plasmids,SRR8960854,0.1007734717369792,495170,SRR8960854.k31.s10k.gather.with-lineages.csv
vOTUs,SRR8960854,0.1509239251166266,495170,SRR8960854.k31.s10k.gather.with-lineages.csv
Eukaryota,SRR8960213,0.0003362971027641642,3306600,SRR8960213.k31.s10k.gather.with-lineages.csv
d__Archaea,SRR8960213,0.012924454122058511,19012950,SRR8960213.k31.s10k.gather.with-lineages.csv
d__Bacteria,SRR8960213,0.5149942539163777,2260887750,SRR8960213.k31.s10k.gather.with-lineages.csv
plasmids,SRR8960213,0.0566043670235287,413325,SRR8960213.k31.s10k.gather.with-lineages.csv
vOTUs,SRR8960213,0.1417335026915865,413325,SRR8960213.k31.s10k.gather.with-lineages.csv
Eukaryota,SRR8960587,0.00035592818160243034,2478028,SRR8960587.k31.s10k.gather.with-lineages.csv
d__Archaea,SRR8960587,0.000341804047411852,2832032,SRR8960587.k31.s10k.gather.with-lineages.csv
d__Bacteria,SRR8960587,0.5589767347261335,1515845128,SRR8960587.k31.s10k.gather.with-lineages.csv
plasmids,SRR8960587,0.1238149851414108,354004,SRR8960587.k31.s10k.gather.with-lineages.csv
vOTUs,SRR8960587,0.1766900938972441,354004,SRR8960587.k31.s10k.gather.with-lineages.csv
Eukaryota,SRR8960106,0.0002686840066717107,1719492,SRR8960106.k31.s10k.gather.with-lineages.csv
d__Archaea,SRR8960106,0.013737778367098935,5731640,SRR8960106.k31.s10k.gather.with-lineages.csv
d__Bacteria,SRR8960106,0.5028403737847915,1118816128,SRR8960106.k31.s10k.gather.with-lineages.csv
plasmids,SRR8960106,0.1413312769120182,286582,SRR8960106.k31.s10k.gather.with-lineages.csv
vOTUs,SRR8960106,0.1452428973208366,286582,SRR8960106.k31.s10k.gather.with-lineages.csv
Eukaryota,SRR11126502,0.0002186805689193681,457288,SRR11126502.k31.s10k.gather.with-lineages.csv
d__Archaea,SRR11126502,0.00037613057854121647,1143220,SRR11126502.k31.s10k.gather.with-lineages.csv
d__Bacteria,SRR11126502,0.5196725039799511,352111760,SRR11126502.k31.s10k.gather.with-lineages.csv
plasmids,SRR11126502,0.1348384387956823,114322,SRR11126502.k31.s10k.gather.with-lineages.csv
vOTUs,SRR11126502,0.1831755917496195,114322,SRR11126502.k31.s10k.gather.with-lineages.csv
Eukaryota,SRR11125793,0.000657147416941098,532605,SRR11125793.k31.s10k.gather.with-lineages.csv
d__Archaea,SRR11125793,0.004318397311328068,1384773,SRR11125793.k31.s10k.gather.with-lineages.csv
d__Bacteria,SRR11125793,0.6368133982970214,226676688,SRR11125793.k31.s10k.gather.with-lineages.csv
plasmids,SRR11125793,0.1550210756564433,106521,SRR11125793.k31.s10k.gather.with-lineages.csv
vOTUs,SRR11125793,0.0717041710085335,106521,SRR11125793.k31.s10k.gather.with-lineages.csv
Eukaryota,ERR8314730,0.0021162351941624324,24330944,ERR8314730.k31.s10k.gather.with-lineages.csv
d__Archaea,ERR8314730,0.00031704482982657805,16007200,ERR8314730.k31.s10k.gather.with-lineages.csv
d__Bacteria,ERR8314730,0.5683895372082249,4779109632,ERR8314730.k31.s10k.gather.with-lineages.csv
plasmids,ERR8314730,0.0766530061472337,640288,ERR8314730.k31.s10k.gather.with-lineages.csv
vOTUs,ERR8314730,0.128112661802189,640288,ERR8314730.k31.s10k.gather.with-lineages.csv
Eukaryota,ERR3211819,0.001519626728307702,8409960,ERR3211819.k31.s10k.gather.with-lineages.csv
d__Archaea,ERR3211819,0.0018449552673257114,15418260,ERR3211819.k31.s10k.gather.with-lineages.csv
d__Bacteria,ERR3211819,0.40147896066090655,2875739100,ERR3211819.k31.s10k.gather.with-lineages.csv
plasmids,ERR3211819,0.0548542442532425,467220,ERR3211819.k31.s10k.gather.with-lineages.csv
vOTUs,ERR3211819,0.2188669149437096,467220,ERR3211819.k31.s10k.gather.with-lineages.csv
Eukaryota,SRR11126050,0.00031699951615855176,239748,SRR11126050.k31.s10k.gather.with-lineages.csv
d__Archaea,SRR11126050,0.007908303718904528,2397480,SRR11126050.k31.s10k.gather.with-lineages.csv
d__Bacteria,SRR11126050,0.538365283547695,290095080,SRR11126050.k31.s10k.gather.with-lineages.csv
plasmids,SRR11126050,0.1133106428416504,119874,SRR11126050.k31.s10k.gather.with-lineages.csv
vOTUs,SRR11126050,0.1783038857467007,119874,SRR11126050.k31.s10k.gather.with-lineages.csv
Eukaryota,SRR8960970,0.0003667077101040544,1677085,SRR8960970.k31.s10k.gather.with-lineages.csv
d__Archaea,SRR8960970,0.002370183979941111,8050008,SRR8960970.k31.s10k.gather.with-lineages.csv
d__Bacteria,SRR8960970,0.5497813169874798,1406403481,SRR8960970.k31.s10k.gather.with-lineages.csv
plasmids,SRR8960970,0.0832277433761556,335417,SRR8960970.k31.s10k.gather.with-lineages.csv
vOTUs,SRR8960970,0.1673200821663779,335417,SRR8960970.k31.s10k.gather.with-lineages.csv
Eukaryota,SRR8960100,0.0003703237721748683,4212530,SRR8960100.k31.s10k.gather.with-lineages.csv
d__Archaea,SRR8960100,0.005407676621887308,13901349,SRR8960100.k31.s10k.gather.with-lineages.csv
d__Bacteria,SRR8960100,0.45063180558948607,2083096085,SRR8960100.k31.s10k.gather.with-lineages.csv
plasmids,SRR8960100,0.0505848029568928,421253,SRR8960100.k31.s10k.gather.with-lineages.csv
vOTUs,SRR8960100,0.2453300035845442,421253,SRR8960100.k31.s10k.gather.with-lineages.csv
Eukaryota,SRR8960454,0.021116082292816994,6356861,SRR8960454.k31.s10k.gather.with-lineages.csv
d__Archaea,SRR8960454,0.04443844218081788,13461588,SRR8960454.k31.s10k.gather.with-lineages.csv
d__Bacteria,SRR8960454,0.5988639676091554,790868295,SRR8960454.k31.s10k.gather.with-lineages.csv
plasmids,SRR8960454,0.1470985443916423,373933,SRR8960454.k31.s10k.gather.with-lineages.csv
vOTUs,SRR8960454,0.0622651651499065,373933,SRR8960454.k31.s10k.gather.with-lineages.csv
Eukaryota,SRR8960439,0.0004145895058294025,3955720,SRR8960439.k31.s10k.gather.with-lineages.csv
d__Archaea,SRR8960439,5.6626859332814254e-05,5439115,SRR8960439.k31.s10k.gather.with-lineages.csv
d__Bacteria,SRR8960439,0.5434985287128224,2301734575,SRR8960439.k31.s10k.gather.with-lineages.csv
plasmids,SRR8960439,0.1204069044320629,494465,SRR8960439.k31.s10k.gather.with-lineages.csv
vOTUs,SRR8960439,0.1646547278371573,494465,SRR8960439.k31.s10k.gather.with-lineages.csv
Eukaryota,ERR1135347,0.0008076912060947476,6808295,ERR1135347.k31.s10k.gather.with-lineages.csv
d__Archaea,ERR1135347,0.001220129268781536,21996030,ERR1135347.k31.s10k.gather.with-lineages.csv
d__Bacteria,ERR1135347,0.4824188728602063,4155154810,ERR1135347.k31.s10k.gather.with-lineages.csv
plasmids,ERR1135347,0.0809123282701469,523715,ERR1135347.k31.s10k.gather.with-lineages.csv
vOTUs,ERR1135347,0.1589528655852897,523715,ERR1135347.k31.s10k.gather.with-lineages.csv
Eukaryota,SRR11183878,0.0005987694676450281,982014,SRR11183878.k31.s10k.gather.with-lineages.csv
d__Archaea,SRR11183878,0.007307431462280356,4091725,SRR11183878.k31.s10k.gather.with-lineages.csv
d__Bacteria,SRR11183878,0.5435971381263134,490843331,SRR11183878.k31.s10k.gather.with-lineages.csv
plasmids,SRR11183878,0.0771496129383084,163669,SRR11183878.k31.s10k.gather.with-lineages.csv
vOTUs,SRR11183878,0.1544764127598995,163669,SRR11183878.k31.s10k.gather.with-lineages.csv
Eukaryota,SRR11124997,0.0008163230598508865,1881608,SRR11124997.k31.s10k.gather.with-lineages.csv
d__Archaea,SRR11124997,0.018962504411120337,5880025,SRR11124997.k31.s10k.gather.with-lineages.csv
d__Bacteria,SRR11124997,0.589721132138019,622577047,SRR11124997.k31.s10k.gather.with-lineages.csv
plasmids,SRR11124997,0.0668236954774852,235201,SRR11124997.k31.s10k.gather.with-lineages.csv
vOTUs,SRR11124997,0.1543615885986879,235201,SRR11124997.k31.s10k.gather.with-lineages.csv
Eukaryota,SRR11183531,0.0005372300419038886,279210,SRR11183531.k31.s10k.gather.with-lineages.csv
d__Archaea,SRR11183531,0.0017298807349304408,930700,SRR11183531.k31.s10k.gather.with-lineages.csv
d__Bacteria,SRR11183531,0.5125926721821982,236956220,SRR11183531.k31.s10k.gather.with-lineages.csv
plasmids,SRR11183531,0.1389491780380359,93070,SRR11183531.k31.s10k.gather.with-lineages.csv
vOTUs,SRR11183531,0.1856022348769743,93070,SRR11183531.k31.s10k.gather.with-lineages.csv
Eukaryota,SRR8960232,0.000956064415490571,7492173,SRR8960232.k31.s10k.gather.with-lineages.csv
d__Archaea,SRR8960232,0.00012666552147154103,6915852,SRR8960232.k31.s10k.gather.with-lineages.csv
d__Bacteria,SRR8960232,0.5478283803643901,2390579508,SRR8960232.k31.s10k.gather.with-lineages.csv
plasmids,SRR8960232,0.2269533818826661,576321,SRR8960232.k31.s10k.gather.with-lineages.csv
vOTUs,SRR8960232,0.0999547127382136,576321,SRR8960232.k31.s10k.gather.with-lineages.csv
Eukaryota,SRR11125290,0.000710448458423958,411008,SRR11125290.k31.s10k.gather.with-lineages.csv
d__Archaea,SRR11125290,9.732170663344751e-05,308256,SRR11125290.k31.s10k.gather.with-lineages.csv
d__Bacteria,SRR11125290,0.5574587355963594,242802976,SRR11125290.k31.s10k.gather.with-lineages.csv
plasmids,SRR11125290,0.1090976331360946,102752,SRR11125290.k31.s10k.gather.with-lineages.csv
vOTUs,SRR11125290,0.1927164434755527,102752,SRR11125290.k31.s10k.gather.with-lineages.csv
Eukaryota,SRR12799830,0.0024852745319107624,30602253,SRR12799830.k31.s10k.gather.with-lineages.csv
d__Archaea,SRR12799830,0.0019812920310148287,15012426,SRR12799830.k31.s10k.gather.with-lineages.csv
d__Bacteria,SRR12799830,0.4537643682639787,4221956112,SRR12799830.k31.s10k.gather.with-lineages.csv
plasmids,SRR12799830,0.2081032073030701,577401,SRR12799830.k31.s10k.gather.with-lineages.csv
vOTUs,SRR12799830,0.0194925190638741,577401,SRR12799830.k31.s10k.gather.with-lineages.csv
Eukaryota,SRR8960122,0.0007536538253978737,4836438,SRR8960122.k31.s10k.gather.with-lineages.csv
d__Archaea,SRR8960122,0.0006420014068203159,10747640,SRR8960122.k31.s10k.gather.with-lineages.csv
d__Bacteria,SRR8960122,0.5619950054151153,2851886274,SRR8960122.k31.s10k.gather.with-lineages.csv
plasmids,SRR8960122,0.1398688456256443,537382,SRR8960122.k31.s10k.gather.with-lineages.csv
vOTUs,SRR8960122,0.1588906960039599,537382,SRR8960122.k31.s10k.gather.with-lineages.csv
Eukaryota,SRR8960154,0.0003515077052459089,1522015,SRR8960154.k31.s10k.gather.with-lineages.csv
d__Archaea,SRR8960154,0.003603775258456434,7914478,SRR8960154.k31.s10k.gather.with-lineages.csv
d__Bacteria,SRR8960154,0.46320174242695156,1273013346,SRR8960154.k31.s10k.gather.with-lineages.csv
plasmids,SRR8960154,0.1132249025141013,304403,SRR8960154.k31.s10k.gather.with-lineages.csv
vOTUs,SRR8960154,0.1555142360620624,304403,SRR8960154.k31.s10k.gather.with-lineages.csv
Eukaryota,SRR11125696,0.00024809709527912006,302301,SRR11125696.k31.s10k.gather.with-lineages.csv
d__Archaea,SRR11125696,0.00261990532614833,1007670,SRR11125696.k31.s10k.gather.with-lineages.csv
d__Bacteria,SRR11125696,0.5656117578175117,240127761,SRR11125696.k31.s10k.gather.with-lineages.csv
plasmids,SRR11125696,0.210813063800649,100767,SRR11125696.k31.s10k.gather.with-lineages.csv
vOTUs,SRR11125696,0.0920440223485863,100767,SRR11125696.k31.s10k.gather.with-lineages.csv
Eukaryota,SRR17241604,0.005803547390771121,231220650,SRR17241604.k31.s10k.gather.with-lineages.csv
d__Archaea,SRR17241604,0.0029212356249321975,80156492,SRR17241604.k31.s10k.gather.with-lineages.csv
d__Bacteria,SRR17241604,0.6033113824392143,9968692957,SRR17241604.k31.s10k.gather.with-lineages.csv
plasmids,SRR17241604,0.0866425641481416,1541471,SRR17241604.k31.s10k.gather.with-lineages.csv
vOTUs,SRR17241604,0.1231576850943027,1541471,SRR17241604.k31.s10k.gather.with-lineages.csv
Eukaryota,SRR8960557,0.0008959821350140104,4098296,SRR8960557.k31.s10k.gather.with-lineages.csv
d__Archaea,SRR8960557,0.015001356661402085,32274081,SRR8960557.k31.s10k.gather.with-lineages.csv
d__Bacteria,SRR8960557,0.5628309912216894,2212567553,SRR8960557.k31.s10k.gather.with-lineages.csv
plasmids,SRR8960557,0.0628612476990437,512287,SRR8960557.k31.s10k.gather.with-lineages.csv
vOTUs,SRR8960557,0.1784995520089325,512287,SRR8960557.k31.s10k.gather.with-lineages.csv
Eukaryota,SRR8960259,0.00034169676852477583,1638880,SRR8960259.k31.s10k.gather.with-lineages.csv
d__Archaea,SRR8960259,0.0005271893000096901,7374960,SRR8960259.k31.s10k.gather.with-lineages.csv
d__Bacteria,SRR8960259,0.5238504344430043,2009266880,SRR8960259.k31.s10k.gather.with-lineages.csv
plasmids,SRR8960259,0.1319242409450356,409720,SRR8960259.k31.s10k.gather.with-lineages.csv
vOTUs,SRR8960259,0.1600824953626867,409720,SRR8960259.k31.s10k.gather.with-lineages.csv
Eukaryota,SRR14812342,0.006012507439019666,7586685,SRR14812342.k31.s10k.gather.with-lineages.csv
d__Archaea,SRR14812342,0.0015263583501884375,8598243,SRR14812342.k31.s10k.gather.with-lineages.csv
d__Bacteria,SRR14812342,0.5334029289472036,2400427134,SRR14812342.k31.s10k.gather.with-lineages.csv
plasmids,SRR14812342,0.0854523418330931,505779,SRR14812342.k31.s10k.gather.with-lineages.csv
vOTUs,SRR14812342,0.1091010105204051,505779,SRR14812342.k31.s10k.gather.with-lineages.csv
Eukaryota,SRR12799835,0.0031014435382956743,28616352,SRR12799835.k31.s10k.gather.with-lineages.csv
d__Archaea,SRR12799835,0.005800320040793181,26231656,SRR12799835.k31.s10k.gather.with-lineages.csv
d__Bacteria,SRR12799835,0.532908177813834,3200858206,SRR12799835.k31.s10k.gather.with-lineages.csv
plasmids,SRR12799835,0.0938501175831217,596174,SRR12799835.k31.s10k.gather.with-lineages.csv
vOTUs,SRR12799835,0.1245123068097568,596174,SRR12799835.k31.s10k.gather.with-lineages.csv
Eukaryota,SRR11126153,0.0019831982459165218,405910,SRR11126153.k31.s10k.gather.with-lineages.csv
GCA_002575655.3 Aegilops tauschii subsp. strangulata,SRR11126153,2.4636003054864375e-05,81182,SRR11126153.k31.s10k.gather.with-lineages.csv
GCA_029289425.3 pygmy chimpanzee (Pan paniscus),SRR11126153,1.2318001527432187e-05,81182,SRR11126153.k31.s10k.gather.with-lineages.csv
d__Archaea,SRR11126153,0.0001231800152743219,324728,SRR11126153.k31.s10k.gather.with-lineages.csv
d__Bacteria,SRR11126153,0.5528811805572466,137197580,SRR11126153.k31.s10k.gather.with-lineages.csv
plasmids,SRR11126153,0.24340371018206,81182,SRR11126153.k31.s10k.gather.with-lineages.csv
vOTUs,SRR11126153,0.1071542952871326,81182,SRR11126153.k31.s10k.gather.with-lineages.csv
Eukaryota,SRR8960316,0.000966019607587109,1378854,SRR8960316.k31.s10k.gather.with-lineages.csv
d__Archaea,SRR8960316,0.016130786870835835,6434652,SRR8960316.k31.s10k.gather.with-lineages.csv
d__Bacteria,SRR8960316,0.49572906196012134,805020927,SRR8960316.k31.s10k.gather.with-lineages.csv
plasmids,SRR8960316,0.0570778342014455,229809,SRR8960316.k31.s10k.gather.with-lineages.csv
vOTUs,SRR8960316,0.1503683493683885,229809,SRR8960316.k31.s10k.gather.with-lineages.csv
Eukaryota,ERR1135468,0.0027012505461543684,5758444,ERR1135468.k31.s10k.gather.with-lineages.csv
d__Archaea,ERR1135468,0.00908682970607997,18291528,ERR1135468.k31.s10k.gather.with-lineages.csv
d__Bacteria,ERR1135468,0.48095249341659563,1832878852,ERR1135468.k31.s10k.gather.with-lineages.csv
plasmids,ERR1135468,0.048085211907939,338732,ERR1135468.k31.s10k.gather.with-lineages.csv
vOTUs,ERR1135468,0.1039199130876327,338732,ERR1135468.k31.s10k.gather.with-lineages.csv
Eukaryota,ERR3211977,0.003455110555825349,4667868,ERR3211977.k31.s10k.gather.with-lineages.csv
d__Archaea,ERR3211977,0.0014267755643474394,7261128,ERR3211977.k31.s10k.gather.with-lineages.csv
d__Bacteria,ERR3211977,0.4302923733061599,1184082516,ERR3211977.k31.s10k.gather.with-lineages.csv
plasmids,ERR3211977,0.0697770373969443,259326,ERR3211977.k31.s10k.gather.with-lineages.csv
vOTUs,ERR3211977,0.2509968148199563,259326,ERR3211977.k31.s10k.gather.with-lineages.csv
Eukaryota,SRR11183376,8.840365107078924e-05,180988,SRR11183376.k31.s10k.gather.with-lineages.csv
d__Archaea,SRR11183376,0.0002210091276769731,542964,SRR11183376.k31.s10k.gather.with-lineages.csv
d__Bacteria,SRR11183376,0.5094039383826329,194652594,SRR11183376.k31.s10k.gather.with-lineages.csv
plasmids,SRR11183376,0.2466019846619665,90494,SRR11183376.k31.s10k.gather.with-lineages.csv
vOTUs,SRR11183376,0.1198974517647578,90494,SRR11183376.k31.s10k.gather.with-lineages.csv
Eukaryota,SRR8960642,0.0005962410398744512,2649935,SRR8960642.k31.s10k.gather.with-lineages.csv
d__Archaea,SRR8960642,0.0015547551166348091,9539766,SRR8960642.k31.s10k.gather.with-lineages.csv
d__Bacteria,SRR8960642,0.5038255655327062,2829600593,SRR8960642.k31.s10k.gather.with-lineages.csv
plasmids,SRR8960642,0.1062497759379003,529987,SRR8960642.k31.s10k.gather.with-lineages.csv
vOTUs,SRR8960642,0.171958934841798,529987,SRR8960642.k31.s10k.gather.with-lineages.csv
Eukaryota,SRR11183883,0.0001089977655458063,256886,SRR11183883.k31.s10k.gather.with-lineages.csv
GCA_002575655.3 Aegilops tauschii subsp. strangulata,SRR11183883,1.5571109363686615e-05,128443,SRR11183883.k31.s10k.gather.with-lineages.csv
d__Archaea,SRR11183883,0.016809012558099433,2825746,SRR11183883.k31.s10k.gather.with-lineages.csv
d__Bacteria,SRR11183883,0.5744571521997788,308263200,SRR11183883.k31.s10k.gather.with-lineages.csv
plasmids,SRR11183883,0.0589366489415538,128443,SRR11183883.k31.s10k.gather.with-lineages.csv
vOTUs,SRR11183883,0.1278699500945944,128443,SRR11183883.k31.s10k.gather.with-lineages.csv
Eukaryota,SRR8960133,0.0059313394500271135,4154205,SRR8960133.k31.s10k.gather.with-lineages.csv
d__Archaea,SRR8960133,0.025896651705921685,20771025,SRR8960133.k31.s10k.gather.with-lineages.csv
d__Bacteria,SRR8960133,0.5247408348889679,1055168070,SRR8960133.k31.s10k.gather.with-lineages.csv
plasmids,SRR8960133,0.0828904688141293,377655,SRR8960133.k31.s10k.gather.with-lineages.csv
vOTUs,SRR8960133,0.2154188346506732,377655,SRR8960133.k31.s10k.gather.with-lineages.csv
Eukaryota,SRR11125963,0.0010532023608417213,479490,SRR11125963.k31.s10k.gather.with-lineages.csv
d__Archaea,SRR11125963,0.0840059229598109,1917960,SRR11125963.k31.s10k.gather.with-lineages.csv
d__Bacteria,SRR11125963,0.5950176228909724,102323166,SRR11125963.k31.s10k.gather.with-lineages.csv
plasmids,SRR11125963,0.1391582723310183,95898,SRR11125963.k31.s10k.gather.with-lineages.csv
vOTUs,SRR11125963,0.0766335064339193,95898,SRR11125963.k31.s10k.gather.with-lineages.csv
Eukaryota,SRR8960372,0.00031984735560684145,2538711,SRR8960372.k31.s10k.gather.with-lineages.csv
d__Archaea,SRR8960372,0.004022907688192724,8341479,SRR8960372.k31.s10k.gather.with-lineages.csv
d__Bacteria,SRR8960372,0.5508984677657013,1376344035,SRR8960372.k31.s10k.gather.with-lineages.csv
plasmids,SRR8960372,0.1142158363043292,362673,SRR8960372.k31.s10k.gather.with-lineages.csv
vOTUs,SRR8960372,0.1358468923796367,362673,SRR8960372.k31.s10k.gather.with-lineages.csv
Eukaryota,SRR11124998,9.519457771685325e-05,210096,SRR11124998.k31.s10k.gather.with-lineages.csv
d__Archaea,SRR11124998,0.009557535602771812,2416104,SRR11124998.k31.s10k.gather.with-lineages.csv
d__Bacteria,SRR11124998,0.566331581753071,294029352,SRR11124998.k31.s10k.gather.with-lineages.csv
plasmids,SRR11124998,0.0963464321072271,105048,SRR11124998.k31.s10k.gather.with-lineages.csv
vOTUs,SRR11124998,0.1555860178204249,105048,SRR11124998.k31.s10k.gather.with-lineages.csv
Eukaryota,SRR8960769,0.0005819702876886983,4838735,SRR8960769.k31.s10k.gather.with-lineages.csv
d__Archaea,SRR8960769,0.0026984325448694917,11876895,SRR8960769.k31.s10k.gather.with-lineages.csv
d__Bacteria,SRR8960769,0.5095740932288907,1679041045,SRR8960769.k31.s10k.gather.with-lineages.csv
plasmids,SRR8960769,0.2647441945053821,439885,SRR8960769.k31.s10k.gather.with-lineages.csv
vOTUs,SRR8960769,0.1008831853779965,439885,SRR8960769.k31.s10k.gather.with-lineages.csv
Eukaryota,SRR11183877,0.00043296290951065234,394953,SRR11183877.k31.s10k.gather.with-lineages.csv
GCA_029289425.3 pygmy chimpanzee (Pan paniscus),SRR11183877,7.59584051773249e-06,131651,SRR11183877.k31.s10k.gather.with-lineages.csv
d__Archaea,SRR11183877,0.014416905302655929,3949530,SRR11183877.k31.s10k.gather.with-lineages.csv
d__Bacteria,SRR11183877,0.49510448078630187,262775396,SRR11183877.k31.s10k.gather.with-lineages.csv
plasmids,SRR11183877,0.0750696918367501,131651,SRR11183877.k31.s10k.gather.with-lineages.csv
vOTUs,SRR11183877,0.2278296404888683,131651,SRR11183877.k31.s10k.gather.with-lineages.csv
Eukaryota,SRR11183314,0.0005541566610602273,617154,SRR11183314.k31.s10k.gather.with-lineages.csv
d__Archaea,SRR11183314,0.00015555274696429092,308577,SRR11183314.k31.s10k.gather.with-lineages.csv
d__Bacteria,SRR11183314,0.563363439271205,290268098,SRR11183314.k31.s10k.gather.with-lineages.csv
plasmids,SRR11183314,0.1055814270020124,102859,SRR11183314.k31.s10k.gather.with-lineages.csv
vOTUs,SRR11183314,0.1663344967382533,102859,SRR11183314.k31.s10k.gather.with-lineages.csv
Eukaryota,SRR11126373,0.00610215160280535,403792,SRR11126373.k31.s10k.gather.with-lineages.csv
d__Archaea,SRR11126373,0.03727661766453973,2018960,SRR11126373.k31.s10k.gather.with-lineages.csv
d__Bacteria,SRR11126373,0.606530094702204,165251876,SRR11126373.k31.s10k.gather.with-lineages.csv
plasmids,SRR11126373,0.1235388516860165,100948,SRR11126373.k31.s10k.gather.with-lineages.csv
vOTUs,SRR11126373,0.0728394817133573,100948,SRR11126373.k31.s10k.gather.with-lineages.csv
Eukaryota,SRR5241532,0.00901891090556936,2256370,SRR5241532.k31.s10k.gather.with-lineages.csv
GCA_002575655.3 Aegilops tauschii subsp. strangulata,SRR5241532,4.431897250894136e-06,225637,SRR5241532.k31.s10k.gather.with-lineages.csv
GCA_029289425.3 pygmy chimpanzee (Pan paniscus),SRR5241532,4.431897250894136e-06,225637,SRR5241532.k31.s10k.gather.with-lineages.csv
d__Archaea,SRR5241532,0.023524510607745373,16922775,SRR5241532.k31.s10k.gather.with-lineages.csv
d__Bacteria,SRR5241532,0.3755811325269963,1120287705,SRR5241532.k31.s10k.gather.with-lineages.csv
plasmids,SRR5241532,0.0458922960330087,225637,SRR5241532.k31.s10k.gather.with-lineages.csv
vOTUs,SRR5241532,0.1621055057459547,225637,SRR5241532.k31.s10k.gather.with-lineages.csv
Eukaryota,SRR17241692,0.006913892373418986,427314867,SRR17241692.k31.s10k.gather.with-lineages.csv
d__Archaea,SRR17241692,0.00969337207731622,188712657,SRR17241692.k31.s10k.gather.with-lineages.csv
d__Bacteria,SRR17241692,0.5482831445693334,17910349527,SRR17241692.k31.s10k.gather.with-lineages.csv
plasmids,SRR17241692,0.1159138467326015,2169111,SRR17241692.k31.s10k.gather.with-lineages.csv
vOTUs,SRR17241692,0.1491730944151774,2169111,SRR17241692.k31.s10k.gather.with-lineages.csv
Eukaryota,SRR11125908,0.0009462717801736895,219810,SRR11125908.k31.s10k.gather.with-lineages.csv
d__Archaea,SRR11125908,0.020399435876438325,2967435,SRR11125908.k31.s10k.gather.with-lineages.csv
d__Bacteria,SRR11125908,0.5616486966015853,263222475,SRR11125908.k31.s10k.gather.with-lineages.csv
plasmids,SRR11125908,0.0520540466766753,109905,SRR11125908.k31.s10k.gather.with-lineages.csv
vOTUs,SRR11125908,0.1517492379782539,109905,SRR11125908.k31.s10k.gather.with-lineages.csv
Eukaryota,ERR1135385,0.0006794087350843202,7026698,ERR1135385.k31.s10k.gather.with-lineages.csv
d__Archaea,ERR1135385,0.004076452410506031,27102978,ERR1135385.k31.s10k.gather.with-lineages.csv
d__Bacteria,ERR1135385,0.4341720677336312,3533425280,ERR1135385.k31.s10k.gather.with-lineages.csv
plasmids,ERR1135385,0.0479750232612814,501907,ERR1135385.k31.s10k.gather.with-lineages.csv
vOTUs,ERR1135385,0.1331222716559043,501907,ERR1135385.k31.s10k.gather.with-lineages.csv
Eukaryota,SRR11124907,0.0003661746195216053,349560,SRR11124907.k31.s10k.gather.with-lineages.csv
d__Archaea,SRR11124907,0.018926650646526443,1747800,SRR11124907.k31.s10k.gather.with-lineages.csv
d__Bacteria,SRR11124907,0.4970706030437979,189461520,SRR11124907.k31.s10k.gather.with-lineages.csv
plasmids,SRR11124907,0.0596292481977343,87390,SRR11124907.k31.s10k.gather.with-lineages.csv
vOTUs,SRR11124907,0.1688408284700766,87390,SRR11124907.k31.s10k.gather.with-lineages.csv
Eukaryota,SRR8960158,0.0005724886430925755,3203557,SRR8960158.k31.s10k.gather.with-lineages.csv
d__Archaea,SRR8960158,0.0013438187614579179,9153020,SRR8960158.k31.s10k.gather.with-lineages.csv
d__Bacteria,SRR8960158,0.5349687862584936,2525775869,SRR8960158.k31.s10k.gather.with-lineages.csv
plasmids,SRR8960158,0.1188460202206484,457651,SRR8960158.k31.s10k.gather.with-lineages.csv
vOTUs,SRR8960158,0.1393398026006717,457651,SRR8960158.k31.s10k.gather.with-lineages.csv
Eukaryota,SRR8960811,0.0006807678894732058,3830968,SRR8960811.k31.s10k.gather.with-lineages.csv
d__Archaea,SRR8960811,0.012101380121159695,22028066,SRR8960811.k31.s10k.gather.with-lineages.csv
d__Bacteria,SRR8960811,0.460861066967904,2342636932,SRR8960811.k31.s10k.gather.with-lineages.csv
plasmids,SRR8960811,0.0880049115523805,478871,SRR8960811.k31.s10k.gather.with-lineages.csv
vOTUs,SRR8960811,0.1588695076544622,478871,SRR8960811.k31.s10k.gather.with-lineages.csv
Eukaryota,SRR14369297,0.047663291491270875,27054594,SRR14369297.k31.s10k.gather.with-lineages.csv
d__Archaea,SRR14369297,0.0029938353538032326,20884248,SRR14369297.k31.s10k.gather.with-lineages.csv
d__Bacteria,SRR14369297,0.5017107630592901,2182878558,SRR14369297.k31.s10k.gather.with-lineages.csv
plasmids,SRR14369297,0.0902912089532742,474642,SRR14369297.k31.s10k.gather.with-lineages.csv
vOTUs,SRR14369297,0.1935163765532759,474642,SRR14369297.k31.s10k.gather.with-lineages.csv
Eukaryota,SRR11125699,0.0003690931907578626,568962,SRR11125699.k31.s10k.gather.with-lineages.csv
d__Archaea,SRR11125699,0.0003796387104938439,853443,SRR11125699.k31.s10k.gather.with-lineages.csv
d__Bacteria,SRR11125699,0.5597245510244695,256032900,SRR11125699.k31.s10k.gather.with-lineages.csv
plasmids,SRR11125699,0.215086420534236,94827,SRR11125699.k31.s10k.gather.with-lineages.csv
vOTUs,SRR11125699,0.0915456568276967,94827,SRR11125699.k31.s10k.gather.with-lineages.csv
Eukaryota,SRR8960558,0.0007604778704094355,3485966,SRR8960558.k31.s10k.gather.with-lineages.csv
d__Archaea,SRR8960558,0.018787905561901127,9507180,SRR8960558.k31.s10k.gather.with-lineages.csv
d__Bacteria,SRR8960558,0.6062807267769983,1072092998,SRR8960558.k31.s10k.gather.with-lineages.csv
plasmids,SRR8960558,0.079881731491357,316906,SRR8960558.k31.s10k.gather.with-lineages.csv
vOTUs,SRR8960558,0.1271481133206692,316906,SRR8960558.k31.s10k.gather.with-lineages.csv
